,Unnamed: 0,Business Name,Business Zip Code,Neighborhood,name_lower,safegraph_place_id,location_name,street_address,city,region,postal_code,safegraph_brand_ids,brands,date_range_start,date_range_end,raw_visit_counts,raw_visitor_counts,visits_by_day,poi_cbg,visitor_home_cbgs,visitor_daytime_cbgs,visitor_work_cbgs,visitor_country_of_origin,distance_from_home,median_dwell,bucketed_dwell_times,related_same_day_brand,related_same_month_brand,popularity_by_hour,popularity_by_day,device_type
0,93,Biddy Hair Salon,2128.0,East Boston,biddy hair salon,sg:034a50053bbf4751b4f5de195c214e02,Biddy Hair Salon,273 Meridian St,Boston,MA,2128,,,2020-01-01T00:00:00-05:00,2020-02-01T00:00:00-05:00,4,3,"[0,0,0,0,0,0,0,0,1,0,0,0,0,0,0,0,0,2,0,0,0,0,0,0,0,0,1,0,0,0,0]",250250502001.0,{},{},"{""250250909012"":4}","{""US"":4}",,99.0,"{""<5"":0,""5-20"":0,""21-60"":2,""61-240"":2,"">240"":0}","{""The Home Depot"":99}","{""McDonald's"":54,""Walmart"":48,""Bosselman Boss Shop"":33,""Not Your Average Joe's"":33,""Monkey Joe's"":33,""Hugo Boss"":33,""FleetPride"":33,""Loyal Companion"":33,""WinWholesale"":33,""VCA Animal Hospitals"":33,""Shaw's"":33,""C Town Supermarkets"":33,""iLoveKickboxing"":33,""Roady's"":33,""PPG Pittsburgh Paints"":33,""Quiznos"":33,""Modell's Sporting Goods"":33,""Mercedes Benz"":33,""Cinnabon"":33,""Holiday Inn"":33}","[0,0,0,0,0,0,0,0,0,1,1,1,0,1,2,1,1,1,1,0,0,0,0,0]","{""Monday"":1,""Tuesday"":0,""Wednesday"":0,""Thursday"":1,""Friday"":0,""Saturday"":2,""Sunday"":0}","{""android"":0,""ios"":4}"
1,162,buco trattoria,2210.0,South Boston Waterfront,buco trattoria,sg:30606d85e3d64bb0b39eec1c60208a02,Buco Trattoria,300 Summer St,Boston,MA,2210,,,2020-01-01T00:00:00-05:00,2020-02-01T00:00:00-05:00,315,125,"[0,11,7,1,1,7,14,14,15,11,3,0,22,15,12,16,15,3,4,3,17,17,10,9,1,3,20,11,29,14,10]",250250606001.0,"{""250173422011"":5,""250173400001"":4,""250214142004"":4,""340350538034"":4,""330150600001"":4,""250235114004"":4,""440010307004"":4,""340350502002"":4,""060855084033"":4,""250173361004"":4,""250214196004"":4,""250092505003"":4,""250173152003"":4,""250251007001"":4,""250250907002"":4,""250250610001"":4,""250173102003"":4,""250173839012"":4,""250250005032"":4,""440070008003"":4,""500070031002"":4,""250173564007"":4,""250173531021"":4,""250092114022"":4,""250251204004"":4,""250092108003"":4,""250173825002"":4}","{""250250612001"":9,""250250606001"":9,""250173222002"":5,""330150600001"":5,""250250302001"":4,""250173531021"":4,""250250701018"":4,""250092544011"":4,""250173418004"":4,""250173525002"":4,""250235001031"":4,""250173422011"":4,""250173424001"":4,""250250007031"":4,""250173351002"":4,""250251204004"":4,""250173507002"":4,""250173361004"":4}","{""250250606001"":20,""250250612001"":11,""400272012033"":8,""250214006003"":4,""250259812021"":4,""250173515001"":4,""250250701011"":4,""250173586002"":4,""440090512024"":4}","{""US"":113}",19850.0,148.0,"{""<5"":4,""5-20"":61,""21-60"":34,""61-240"":104,"">240"":112}","{""DoubleTree by Hilton"":14,""Dunkin'"":14,""sweetgreen"":9,""Pink Taco"":8,""Buick"":7,""Chipotle Mexican Grill"":7,""Saks Off Fifth"":7,""Trader Joe's"":7,""BJ's Wholesale Club"":7,""CrossFit"":6}","{""sweetgreen"":44,""Dunkin'"":38,""Starbucks"":27,""CVS"":19,""Stop & Shop"":17,""Market Basket"":14,""Target"":9,""Whole Foods Market"":9,""Simon mall"":9,""Mobil"":9,""Chipotle Mexican Grill"":9,""CrossFit"":8,""Speedway"":8,""BJ's Wholesale Club"":7,""Walgreens"":7,""Sunoco"":7,""Five Guys"":6,""Legal Sea Foods"":6,""7-Eleven"":6,""The Home Depot"":6}","[8,8,9,9,7,8,9,15,65,115,138,149,159,148,139,116,109,89,35,19,21,12,8,8]","{""Monday"":52,""Tuesday"":57,""Wednesday"":72,""Thursday"":66,""Friday"":52,""Saturday"":8,""Sunday"":8}","{""android"":66,""ios"":61}"
2,202,Chickadee,2210.0,South Boston Waterfront,chickadee,sg:6d82cc83e94f451f8967b528a668d940,Chickadee,21 Drydock Ave,Boston,MA,2210,,,2020-01-01T00:00:00-05:00,2020-02-01T00:00:00-05:00,104,57,"[0,2,9,5,1,4,5,3,5,3,0,1,4,5,4,7,6,1,1,1,9,6,4,1,1,0,2,3,5,4,2]",250259812021.0,"{""250251402023"":4,""420171052071"":4,""250173353021"":4,""250173832001"":4,""250250007012"":4,""250235411001"":4,""500259679004"":4,""250214225012"":4,""250092201014"":4,""250235442002"":4,""250250007011"":4,""090034621015"":4}","{""250173547001"":6,""250259812021"":5,""250251404007"":4,""250173419021"":4,""250173851002"":4,""250173353021"":4,""250173513002"":4,""250214225012"":4,""250173832001"":4,""250277323013"":4,""250235082002"":4,""110010107001"":4,""250056322002"":4,""330150039011"":4,""250250007011"":4}","{""250259812021"":12,""250259813002"":4,""250173833001"":4}","{""US"":54}",32220.0,127.5,"{""<5"":2,""5-20"":21,""21-60"":12,""61-240"":36,"">240"":33}","{""Renaissance Hotels"":20,""Mobil"":16}","{""sweetgreen"":35,""Dunkin'"":34,""CrossFit"":27,""Target"":20,""CVS"":18,""Starbucks"":16,""Mobil"":16,""Stop & Shop"":15,""Legal Sea Foods"":14,""McDonald's"":14,""Market Basket"":14,""Cumberland Farms"":14,""Simon mall"":14,""The Home Depot"":13,""Lowe's"":10,""Sunoco"":9,""T.J. Maxx"":9,""B.GOOD"":7,""Sports Clubs Network"":7,""Walgreens"":7}","[10,3,3,2,2,5,22,28,24,28,29,31,32,37,30,28,23,22,11,25,24,20,15,13]","{""Monday"":11,""Tuesday"":22,""Wednesday"":18,""Thursday"":22,""Friday"":21,""Saturday"":7,""Sunday"":3}","{""android"":35,""ios"":21}"
3,233,Covet,2127.0,South Boston,covet,sg:e44fc887cac5495195d4b267e6955a13,Covet,391 W Broadway,Boston,MA,2127,,,2020-01-01T00:00:00-05:00,2020-02-01T00:00:00-05:00,92,82,"[1,2,6,3,3,3,3,5,3,4,5,2,2,3,3,3,0,5,1,4,0,4,4,5,5,1,4,4,1,2,1]",250250608003.0,"{""250250607001"":6,""250214162002"":4,""360610121002"":4,""250250608004"":4,""250250907002"":4,""250173731002"":4,""250214111003"":4,""250250511011"":4,""250251805002"":4,""250250821002"":4,""250250601011"":4,""250250602002"":4,""250092045002"":4,""250250608002"":4,""250250608003"":4,""250235081023"":4,""250010132002"":4,""250250604003"":4,""450790028003"":4,""250250610001"":4}","{""250235401032"":5,""250250605013"":5,""360610121002"":5,""250250607001"":5,""250250606001"":5,""250173171032"":4,""330110012001"":4,""250173531022"":4,""250173154022"":4,""250250608003"":4,""250214151023"":4,""250250602002"":4,""250173531012"":4,""250214041001"":4,""250251801013"":4,""250173672003"":4,""250092045002"":4,""250250907002"":4}","{""250250701011"":5,""250214151023"":4,""250250502001"":4,""250250812002"":4,""250250608001"":4,""250250606001"":4,""250173531022"":4,""250251103011"":4}","{""US"":76}",6435.0,29.5,"{""<5"":0,""5-20"":35,""21-60"":34,""61-240"":22,"">240"":1}",{},"{""Dunkin'"":59,""Starbucks"":33,""CVS"":33,""Stop & Shop"":31,""sweetgreen"":28,""Target"":22,""Loyal Companion"":18,""Market Basket"":16,""T.J. Maxx"":14,""Burger King"":13,""BJ's Wholesale Club"":13,""Simon mall"":11,""Star Market"":11,""Mobil"":10,""Trader Joe's"":8,""Planet Fitness"":8,""Speedway"":8,""7-Eleven"":7,""McDonald's"":7,""Chipotle Mexican Grill"":7}","[1,1,1,1,1,1,1,2,6,7,13,21,13,18,11,9,8,12,13,7,4,4,3,1]","{""Monday"":13,""Tuesday"":10,""Wednesday"":14,""Thursday"":14,""Friday"":16,""Saturday"":18,""Sunday"":7}","{""android"":27,""ios"":54}"
4,233,Covet,2127.0,South Boston,covet,sg:f4547dd11e2d4d1faa807b05ed0e94a2,Covet,109 Charles St,Boston,MA,2114,,,2020-01-01T00:00:00-05:00,2020-02-01T00:00:00-05:00,13,3,"[1,0,0,0,1,2,0,1,0,0,2,0,1,1,0,0,1,0,0,0,0,1,0,1,0,0,0,0,1,0,0]",250250201014.0,{},{},{},{},,20.0,"{""<5"":0,""5-20"":7,""21-60"":5,""61-240"":1,"">240"":0}","{""Equinox Fitness Clubs"":100}","{""Marriott Hotels"":66,""Wagamama"":33,""Boloco"":33,""Barry's Bootcamp"":33,""B.GOOD"":33,""Pressed Juicery"":33,""Juice Press"":33,""The Ritz-Carlton"":33,""Equinox Fitness Clubs"":33,""Ben & Jerry's"":33,""sweetgreen"":33,""Fit4Mom"":33,""Toyota"":33,""Simon mall"":31,""Dunkin'"":30,""Burger King"":29,""Target"":27,""Starbucks"":25}","[0,0,0,0,0,0,0,0,0,0,1,0,0,0,0,0,4,3,7,0,0,2,0,0]","{""Monday"":3,""Tuesday"":1,""Wednesday"":4,""Thursday"":0,""Friday"":2,""Saturday"":2,""Sunday"":1}","{""android"":0,""ios"":4}"
5,301,Drydock Cafe,2210.0,South Boston,drydock cafe,sg:5127581f66df4a8c8eac090669e06335,Drydock Cafe,7 Drydock Ave,Boston,MA,2210,,,2020-01-01T00:00:00-05:00,2020-02-01T00:00:00-05:00,86,49,"[1,2,5,1,1,1,4,2,5,2,0,1,4,6,4,8,4,2,1,3,0,2,3,3,3,0,3,4,2,2,7]",250259812021.0,"{""250251004003"":4,""250214223012"":4,""330110023001"":4,""250250918002"":4,""250250902003"":4}","{""250250606001"":5,""250250915003"":4,""250250910014"":4,""250173411024"":4,""250259812021"":4,""250250924005"":4,""250250902003"":4,""330110023001"":4,""250214203021"":4,""120990078352"":4,""250214201004"":4}","{""250250606001"":7,""250259812021"":5,""250092091005"":4,""250092221003"":4,""040136164004"":4,""440070031003"":4,""250250008021"":4}","{""US"":42}",7287.0,120.5,"{""<5"":5,""5-20"":26,""21-60"":9,""61-240"":15,"">240"":31}","{""Gyu-Kaku"":50}","{""Dunkin'"":50,""Starbucks"":20,""Mobil"":17,""Stop & Shop"":14,""Burger King"":12,""BJ's Wholesale Club"":12,""True Value Hardware"":10,""sweetgreen"":10,""7-Eleven"":10,""T.J. Maxx"":8,""Legal Sea Foods"":8,""Speedway"":8,""B.GOOD"":8,""D'Angelo Sandwich Shops"":8,""Loyal Companion"":8,""The Home Depot"":8,""Market Basket"":8,""Hyatt Place"":8,""Dollar Tree"":7,""Walgreens"":7}","[9,8,6,4,4,11,13,17,17,22,30,26,28,23,15,8,5,3,3,12,14,17,14,14]","{""Monday"":11,""Tuesday"":14,""Wednesday"":11,""Thursday"":20,""Friday"":21,""Saturday"":6,""Sunday"":3}","{""android"":20,""ios"":32}"
6,303,Eagle Hill Cafe,2128.0,East Boston,eagle hill cafe,sg:42f881d1a5b34823977df97bd5656cc4,Eagle Hill Cafe,1 Marion St,Boston,MA,2128,,,2020-01-01T00:00:00-05:00,2020-02-01T00:00:00-05:00,803,286,"[16,29,20,30,16,26,34,40,33,33,36,14,23,23,28,22,24,22,14,30,36,28,34,20,15,23,31,21,28,30,24]",250250501013.0,"{""250250501011"":29,""250250501012"":25,""250250501013"":24,""250250502001"":10,""250250509012"":7,""250251605023"":6,""250251601014"":5,""250250507003"":5,""250250506001"":5,""250251601012"":5,""250173399005"":5,""250251605021"":5,""250251703006"":4,""250173372013"":4,""250250819004"":4,""250251701005"":4,""250250504002"":4,""250173398013"":4,""250251707012"":4,""250250303004"":4,""250214180024"":4,""250250402001"":4,""250251805004"":4,""250251708001"":4,""250250505001"":4,""250173426002"":4,""250250506002"":4,""250251706012"":4,""250214172001"":4,""250250510002"":4,""250250913001"":4,""250251707024"":4}","{""250250501013"":24,""250250501011"":21,""250250501012"":17,""250250509012"":8,""250277323011"":6,""250251601014"":5,""250251601012"":5,""250250512002"":4,""250250703001"":4,""250092526022"":4,""250092101002"":4,""250092072001"":4,""250250510003"":4,""250251602003"":4,""250250506002"":4,""250173503003"":4,""250235212021"":4,""250251202011"":4,""250214172001"":4,""250173825001"":4,""250251605011"":4,""250250502001"":4,""250250510002"":4,""250250507003"":4,""250250502004"":4,""010730100012"":4,""250250505001"":4,""250250701011"":4,""250173163003"":4,""250250408011"":4,""250250510001"":4,""250173334004"":4,""090035105001"":4,""250251606024"":4,""250250506001"":4,""250251704004"":4,""250173411022"":4,""250250303002"":4}","{""250250806012"":6,""250250501013"":5,""250251605022"":5,""518100454074"":4,""250250603013"":4,""250250702001"":4,""250251605021"":4,""250250501011"":4,""250251604001"":4,""250250506001"":4}","{""US"":248}",1412.0,49.0,"{""<5"":27,""5-20"":253,""21-60"":165,""61-240"":215,"">240"":143}","{""Market Basket"":9,""Burlington"":8,""Subway"":6,""Dunkin'"":5}","{""Dunkin'"":43,""Market Basket"":26,""Mobil"":23,""Burger King"":21,""McDonald's"":17,""CVS"":15,""7-Eleven"":15,""Pollo Campero"":15,""Shaw's"":13,""Subway"":12,""BJ's Wholesale Club"":12,""The Home Depot"":10,""Starbucks"":10,""Stop & Shop"":9,""Speedway"":9,""Expressions Shoes "":9,""10 Spot/MadRag"":9,""Planet Fitness"":8,""Dollar Tree"":8,""T.J. Maxx"":7}","[133,129,119,115,118,117,121,144,169,192,192,161,156,146,121,110,116,116,99,117,140,154,133,133]","{""Monday"":110,""Tuesday"":114,""Wednesday"":140,""Thursday"":148,""Friday"":121,""Saturday"":103,""Sunday"":67}","{""android"":164,""ios"":122}"
7,304,East side hair salon,2128.0,South Boston,east side hair salon,sg:f41aa1df974a479c9c51153f03cc9b3c,East Side Hair Salon,92 P St,Boston,MA,2127,,,2020-01-01T00:00:00-05:00,2020-02-01T00:00:00-05:00,363,130,"[10,15,17,19,7,12,14,9,12,15,14,10,10,13,19,14,15,8,17,7,16,11,15,15,13,7,7,8,4,6,4]",250250601013.0,"{""250250601013"":24,""250251008005"":6,""250173736002"":5,""250235211014"":4,""060855094043"":4,""230310061013"":4,""250251006012"":4,""250214181012"":4,""330151061014"":4,""250173501044"":4,""250250604005"":4,""250250702001"":4,""250250603012"":4,""250173398022"":4,""250250605011"":4,""250214178013"":4,""250250601012"":4,""250173392001"":4,""250250605012"":4,""250250910011"":4,""230310370003"":4}","{""250250601013"":7,""250251007003"":6,""250214135001"":5,""440070170004"":5,""230310370003"":4,""250173822002"":4,""250250701013"":4,""250250910011"":4,""250173392001"":4,""330151061021"":4,""250173501044"":4,""250250303003"":4,""250250601012"":4,""250173736002"":4,""250214061022"":4,""250214227003"":4,""360470413001"":4,""421010213003"":4,""170190004022"":4,""250235051015"":4,""250251006012"":4}","{""250250103002"":5,""250250806012"":4,""250235012023"":4,""250250612002"":4,""250250820003"":4,""230110106001"":4,""250250701018"":4,""250250608002"":4,""250250303002"":4,""250250106001"":4,""440010305003"":4,""250250611012"":4,""250214192002"":4}","{""US"":109}",6886.0,87.0,"{""<5"":7,""5-20"":71,""21-60"":73,""61-240"":85,"">240"":127}","{""C2 Pilates"":14,""Starbucks"":10,""Work 'N Gear"":9}","{""Dunkin'"":34,""Stop & Shop"":24,""Starbucks"":23,""Loyal Companion"":16,""CVS"":15,""sweetgreen"":14,""Simon mall"":11,""Market Basket"":10,""Target"":10,""Speedway"":9,""Wendy's"":8,""T.J. Maxx"":7,""Walgreens"":7,""Panera Bread"":7,""BJ's Wholesale Club"":6,""McDonald's"":6,""Mobil"":6,""7-Eleven"":6,""Gulf Oil"":6,""Whole Foods Market"":6}","[92,95,94,92,93,94,100,98,90,95,100,86,86,68,63,59,62,53,50,73,85,88,105,96]","{""Monday"":36,""Tuesday"":51,""Wednesday"":53,""Thursday"":62,""Friday"":66,""Saturday"":54,""Sunday"":41}","{""android"":41,""ios"":88}"
8,305,East Side Yoga and Fitness,2127.0,South Boston,east side yoga and fitness,sg:972439a20287446da346134e01550083,East Side Yoga and Fitness,584 E Broadway,Boston,MA,2127,,,2020-01-01T00:00:00-05:00,2020-02-01T00:00:00-05:00,164,88,"[4,2,8,14,3,5,3,4,4,6,5,5,5,10,5,4,5,6,5,1,7,5,12,8,5,2,4,4,5,5,3]",250250605012.0,"{""250250605012"":6,""250250602002"":5,""250056121003"":4,""420293055002"":4,""250251705011"":4,""250214562001"":4,""250250604002"":4,""250250612002"":4,""250277442005"":4,""250214112002"":4,""250250604001"":4,""250173549003"":4,""250250604005"":4,""250250608004"":4}","{""250250605012"":6,""250250605013"":5,""250250604001"":4,""250251201051"":4,""250250602002"":4,""420293055002"":4,""250251401071"":4,""250277442005"":4,""250250701011"":4}","{""250250701011"":4,""250214012002"":4,""250250303003"":4,""250250907001"":4,""250250001001"":4}","{""US"":76}",4039.0,57.0,"{""<5"":1,""5-20"":32,""21-60"":55,""61-240"":57,"">240"":19}",{},"{""Dunkin'"":42,""Stop & Shop"":30,""Starbucks"":29,""CVS"":17,""sweetgreen"":17,""Simon mall"":12,""Loyal Companion"":11,""Target"":11,""Speedway"":10,""7-Eleven"":9,""Cumberland Farms"":9,""Burger King"":8,""Walgreens"":8,""Gulf Oil"":6,""T.J. Maxx"":6,""Star Market"":6,""CrossFit"":6,""Market Basket"":6,""BJ's Wholesale Club"":5,""Panera Bread"":5}","[18,17,16,13,13,11,17,22,15,20,25,21,24,23,21,23,25,29,28,21,23,17,18,21]","{""Monday"":15,""Tuesday"":24,""Wednesday"":23,""Thursday"":27,""Friday"":30,""Saturday"":30,""Sunday"":15}","{""android"":30,""ios"":56}"
9,382,Gray's Hall,2127.0,South Boston,gray's hall,sg:ce3691f6179f43dd8183a44eafb5cf82,Gray's Hall,615 E Broadway,Boston,MA,2127,,,2020-01-01T00:00:00-05:00,2020-02-01T00:00:00-05:00,16,11,"[0,2,3,2,0,0,0,0,0,1,0,0,0,1,0,0,0,1,1,0,2,1,1,1,0,0,0,0,0,0,0]",250250603013.0,"{""250250605012"":4,""250250602002"":4,""230050026001"":4}","{""250250605012"":4,""250173214002"":4}",{},"{""US"":8}",530.0,899.0,"{""<5"":0,""5-20"":0,""21-60"":0,""61-240"":3,"">240"":13}",{},"{""Starbucks"":37,""Dunkin'"":24,""Target"":21,""LongHorn Steakhouse"":17,""Chipotle Mexican Grill"":16,""Planet Fitness"":16,""CVS"":14,""Healthworks Fitness"":9,""Max Brenner"":9,""Peter Millar"":9,""Star Market"":9,""House of Blues"":9,""Barry's Bootcamp"":9,""Blick Art Materials"":9,""Loyal Companion"":9,""Ten Thousand Villages"":9,""The Paper Store"":9,""SoulCycle"":9,""Jos. A. Bank Clothiers"":9,""Pier 1 Imports"":9}","[12,12,13,13,13,13,13,13,13,12,11,8,6,6,4,2,2,3,3,5,9,10,9,11]","{""Monday"":0,""Tuesday"":3,""Wednesday"":1,""Thursday"":3,""Friday"":5,""Saturday"":3,""Sunday"":1}","{""android"":4,""ios"":5}"
10,413,Headquarters Hair Salon,2127.0,South Boston,headquarters hair salon,sg:00885eea2cde4337b90df4c2cfd76481,Headquarters Hair Salon,545 E Broadway,Boston,MA,2127,,,2020-01-01T00:00:00-05:00,2020-02-01T00:00:00-05:00,1,1,"[0,0,0,0,0,0,0,0,0,0,0,0,1,0,0,0,0,0,0,0,0,0,0,0,0,0,0,0,0,0,0]",250250604001.0,{},{},"{""250250801001"":4}",{},,6.0,"{""<5"":0,""5-20"":1,""21-60"":0,""61-240"":0,"">240"":0}",{},"{""Vera Wang"":100,""Barneys New York"":100,""Altar'd State"":100,""HD Supply"":100,""Gap"":100,""Macy's"":100,""Stop & Shop"":100,""Dick's Sporting Goods"":99,""PetSmart"":98,""Planet Fitness"":98,""Kohl's"":98,""Simon mall"":98,""Dunkin'"":97,""Walgreens"":95,""Target"":93,""Subway"":93,""Starbucks"":92}","[0,0,0,0,0,0,0,0,0,0,0,0,0,0,0,0,0,0,0,0,0,0,0,1]","{""Monday"":1,""Tuesday"":0,""Wednesday"":0,""Thursday"":0,""Friday"":0,""Saturday"":0,""Sunday"":0}","{""android"":0,""ios"":0}"
11,428,House of Nails,2128.0,East Boston,house of nails,sg:acceb69f66bb485d94d63dbdbb3f77aa,House of Nails,1020 Bennington St,Boston,MA,2128,,,2020-01-01T00:00:00-05:00,2020-02-01T00:00:00-05:00,31,27,"[2,1,1,1,0,0,1,1,1,1,1,0,2,1,1,0,2,0,0,3,3,1,2,1,0,1,1,1,0,1,1]",250250511011.0,"{""250250511011"":4,""250250511012"":4,""250250510002"":4,""250250510001"":4,""250250503001"":4}","{""250250510001"":6,""250250501012"":4,""250251803014"":4,""250173416003"":4,""250251805003"":4,""250250511011"":4}","{""250250501013"":4,""250250303003"":4,""250251801013"":4}","{""US"":26}",2261.0,9.0,"{""<5"":3,""5-20"":20,""21-60"":5,""61-240"":1,"">240"":2}",{},"{""Dunkin'"":52,""Market Basket"":41,""Burger King"":25,""Starbucks"":25,""Target"":16,""sweetgreen"":14,""Stop & Shop"":14,""Subway"":12,""Expressions Shoes "":11,""10 Spot/MadRag"":11,""Embassy Suites Hotels"":11,""Au Bon Pain"":11,""BJ's Wholesale Club"":11,""CVS"":10,""Mobil"":9,""7-Eleven"":9,""Primark Stores EU"":7,""Club Monaco"":7,""Regina Pizzeria"":7,""Great Wolf Lodge"":7}","[0,0,0,0,0,1,1,2,4,1,1,3,3,6,5,5,2,5,2,3,1,0,2,1]","{""Monday"":6,""Tuesday"":6,""Wednesday"":5,""Thursday"":5,""Friday"":6,""Saturday"":2,""Sunday"":1}","{""android"":14,""ios"":13}"
12,518,L Street Tavern,2127.0,South Boston,l street tavern,sg:d964324e5ab344999abfe34f131112bf,L Street Tavern,658A E 8th St,Boston,MA,2127,,,2020-01-01T00:00:00-05:00,2020-02-01T00:00:00-05:00,177,90,"[8,4,7,16,2,7,2,4,3,6,8,8,1,2,3,6,1,3,10,11,4,10,5,4,5,3,6,2,7,11,8]",250250603012.0,"{""250250602002"":9,""250250603012"":8,""250214401004"":6,""440070008001"":6,""250251006031"":4,""250250605011"":4,""250250605013"":4,""250173322001"":4,""250250612003"":4,""250251805004"":4,""250173363006"":4,""250214112002"":4,""250250911005"":4,""250214192004"":4}","{""250250602002"":4,""250173689014"":4,""250173510001"":4,""250214112002"":4,""360610072006"":4,""250250303003"":4,""250250606001"":4,""250092532051"":4,""250250603012"":4,""250173742003"":4,""250250603013"":4,""250173322001"":4,""120690301022"":4,""250251007001"":4,""340130025003"":4,""250214182003"":4,""250250701011"":4,""250059855001"":4}","{""250092114022"":4,""250259812021"":4,""250250701011"":4,""250250820003"":4}","{""US"":71}",5364.0,74.0,"{""<5"":6,""5-20"":45,""21-60"":34,""61-240"":52,"">240"":40}","{""T.J. Maxx"":20}","{""Dunkin'"":31,""Starbucks"":15,""sweetgreen"":14,""Stop & Shop"":14,""Target"":8,""Trader Joe's"":7,""Speedway"":7,""Simon mall"":7,""Residence Inn by Marriott"":6,""BJ's Wholesale Club"":6,""Mobil"":6,""Burger King"":6,""Legal Sea Foods"":6,""honeygrow"":6,""Loyal Companion"":6,""CrossFit"":5,""Market Basket"":5,""Whole Foods Market"":5}","[35,27,26,25,25,24,33,24,24,26,27,27,28,22,19,18,22,15,13,40,55,56,44,45]","{""Monday"":25,""Tuesday"":10,""Wednesday"":32,""Thursday"":29,""Friday"":26,""Saturday"":32,""Sunday"":23}","{""android"":32,""ios"":57}"
13,518,L Street Tavern,2127.0,South Boston,l street tavern,sg:a6c088cb5fe8415e9ee3821993efb284,L Street Tavern,195 L St,Boston,MA,2127,,,2020-01-01T00:00:00-05:00,2020-02-01T00:00:00-05:00,130,56,"[3,1,1,4,4,3,2,3,8,9,6,4,6,2,6,3,10,7,5,2,4,2,3,6,4,5,3,4,2,6,2]",250250603012.0,"{""250250603012"":8,""250250706001"":5,""250251011011"":5,""250277531005"":4,""250173426003"":4,""250092054002"":4,""250250603013"":4,""250250921014"":4,""250251011022"":4}","{""250250605014"":5,""250059855001"":5,""250173689021"":4,""250173523001"":4,""250250603012"":4,""250250606001"":4,""250251006012"":4,""250251102011"":4,""250251011022"":4,""250214061021"":4,""250173561002"":4,""250214041001"":4,""250214198003"":4}","{""250250814002"":4,""250250103002"":4,""250250303002"":4,""250250203032"":4}","{""US"":51}",7021.0,99.5,"{""<5"":7,""5-20"":28,""21-60"":20,""61-240"":33,"">240"":42}","{""Advance Auto Parts"":33,""Stop & Shop"":17,""Costco Wholesale Corp."":16}","{""Dunkin'"":38,""Stop & Shop"":25,""Simon mall"":21,""Starbucks"":19,""CVS"":15,""sweetgreen"":14,""McDonald's"":13,""Mobil"":13,""7-Eleven"":12,""Loyal Companion"":11,""BJ's Wholesale Club"":10,""Domino's Pizza"":9,""Star Market"":9,""Planet Fitness"":9,""Cumberland Farms"":9,""Speedway"":9,""Advance Auto Parts"":8,""Target"":8,""Walgreens"":7,""T.J. Maxx"":7}","[39,40,39,37,39,37,37,36,31,27,20,21,20,21,22,23,28,30,28,43,47,46,40,40]","{""Monday"":14,""Tuesday"":12,""Wednesday"":16,""Thursday"":21,""Friday"":28,""Saturday"":21,""Sunday"":18}","{""android"":25,""ios"":27}"
14,556,Little Asia Restaurant,2128.0,East Boston,little asia restaurant,sg:c6815256d0c348ac84c9da5467e88b7c,Little Asia Restaurant,991 Bennington St,Boston,MA,2128,,,2020-01-01T00:00:00-05:00,2020-02-01T00:00:00-05:00,144,98,"[1,7,3,7,3,8,1,7,7,6,4,4,2,1,1,1,10,9,7,1,2,8,4,6,7,1,6,4,7,6,3]",250250511011.0,"{""250250511013"":10,""250250510001"":5,""440090501032"":4,""250250511011"":4,""250251707023"":4,""250251704001"":4,""250092114011"":4,""250251801013"":4,""250251802002"":4,""250250506001"":4,""250214177022"":4,""250251805001"":4,""250251805003"":4,""250173411013"":4,""250173414004"":4,""250251803011"":4,""250251707024"":4}","{""250250511013"":7,""250251803011"":4,""250092671011"":4,""250251703003"":4,""250173424004"":4,""250250506002"":4,""250251802004"":4,""250250507001"":4,""250250510001"":4,""250251707023"":4,""250092081022"":4,""250173416006"":4,""250251707024"":4,""250251605021"":4,""330151003013"":4,""250092059003"":4,""250251804001"":4,""250251801013"":4,""250251604002"":4,""250250821003"":4,""330110013001"":4,""421298059021"":4,""250251803014"":4,""250251805001"":4}","{""250214172001"":4,""250251706011"":4,""250214111002"":4,""250259816001"":4,""250250702003"":4,""250173672004"":4,""250250910014"":4}","{""US"":94}",3091.0,35.0,"{""<5"":2,""5-20"":48,""21-60"":44,""61-240"":50,"">240"":0}","{""IHOP"":33,""Dunkin'"":33,""GameStop"":16,""Legal Sea Foods"":11}","{""Dunkin'"":49,""Market Basket"":28,""CVS"":27,""Burger King"":26,""Subway"":23,""Target"":21,""Stop & Shop"":21,""Mobil"":21,""Planet Fitness"":17,""Starbucks"":16,""Wendy's"":15,""Gulf Oil"":15,""McDonald's"":14,""Simon mall"":12,""BJ's Wholesale Club"":12,""Sunoco"":11,""PriceRite"":11,""sweetgreen"":10,""Dollar Tree"":9,""7-Eleven"":8}","[2,0,0,1,0,0,2,1,6,5,5,8,14,14,16,18,22,36,34,24,17,15,9,7]","{""Monday"":17,""Tuesday"":8,""Wednesday"":24,""Thursday"":25,""Friday"":28,""Saturday"":27,""Sunday"":15}","{""android"":61,""ios"":39}"
15,573,los arrieros,2128.0,East Boston,los arrieros,sg:7df46480c68645d0b9333d4fbd3691f9,Los Arrieros,13 Meridian St,Boston,MA,2128,,,2020-01-01T00:00:00-05:00,2020-02-01T00:00:00-05:00,219,140,"[3,9,12,7,6,4,7,6,7,9,8,7,7,6,11,3,7,8,7,4,9,5,5,10,7,4,7,7,7,10,10]",250250506002.0,"{""250250506002"":11,""250250503001"":9,""250250813001"":8,""250250507001"":6,""250250509013"":6,""250250509012"":5,""250251704001"":4,""250250505001"":4,""250251605022"":4,""250250511011"":4,""250251708003"":4,""250092106003"":4,""250092056003"":4,""250250501011"":4,""250250503002"":4,""250250510003"":4,""250251706011"":4,""250250502002"":4,""250250510001"":4,""250214171005"":4,""250251706013"":4,""250250502004"":4,""250251708004"":4,""250250810011"":4,""250251601012"":4}","{""250251708003"":11,""250250506002"":8,""250250510002"":4,""250092072001"":4,""250250506001"":4,""250250503002"":4,""250092105002"":4,""250251708004"":4,""250251606024"":4,""250250701012"":4,""250173688001"":4,""250251605022"":4,""250173381002"":4,""250250702001"":4,""250250501011"":4,""250250606001"":4,""250250304002"":4,""250250507001"":4,""250250504002"":4,""250259813002"":4,""250173336003"":4,""250235309011"":4,""250250509011"":4,""250251703007"":4,""250250509012"":4,""250250511011"":4}","{""250250801001"":4,""250250303002"":4,""250250106001"":4,""250173688001"":4,""250250502003"":4,""250072001004"":4,""250250701018"":4,""250250703001"":4,""250250107011"":4}","{""US"":136}",3817.0,34.0,"{""<5"":6,""5-20"":74,""21-60"":48,""61-240"":44,"">240"":47}","{""Dunkin'"":19,""Target"":13,""Dollar Tree"":12}","{""Dunkin'"":51,""Market Basket"":35,""Burger King"":27,""CVS"":20,""McDonald's"":16,""Planet Fitness"":15,""Subway"":15,""Stop & Shop"":15,""Target"":13,""Starbucks"":13,""Mobil"":13,""BJ's Wholesale Club"":12,""The Home Depot"":12,""Marshalls"":11,""7-Eleven"":11,""Family Dollar Stores"":11,""Pollo Campero"":10,""Get Air"":9,""Simon mall"":8,""Walgreens"":7}","[31,26,20,17,16,16,16,16,30,30,39,37,38,41,39,47,51,46,37,45,47,42,38,40]","{""Monday"":22,""Tuesday"":29,""Wednesday"":32,""Thursday"":34,""Friday"":48,""Saturday"":30,""Sunday"":24}","{""android"":105,""ios"":37}"
16,627,Mi Pueblito Restaurant,2128.0,East Boston,mi pueblito restaurant,sg:d0c7f69ce6eb487c95cba4e7d271f5ec,Mi Pueblito Restaurant,333 Border St,Boston,MA,2128,,,2020-01-01T00:00:00-05:00,2020-02-01T00:00:00-05:00,536,266,"[6,23,12,16,18,18,20,13,14,20,14,32,15,24,16,14,13,21,11,15,14,15,20,19,21,18,18,23,15,15,23]",250250501012.0,"{""250250501013"":12,""250250502001"":11,""250250501011"":8,""250250501012"":7,""250250506002"":6,""250251708003"":4,""250214152002"":4,""250092051001"":4,""250250920003"":4,""250251401062"":4,""250250509012"":4,""330110019001"":4,""250173423002"":4,""250251601015"":4,""360850197002"":4,""250173341001"":4,""330151061011"":4,""250092521013"":4,""250250511012"":4,""250138023005"":4,""250251605023"":4,""250092068001"":4,""250092055002"":4,""250092063002"":4,""250250001001"":4,""250092511003"":4,""250250921015"":4,""250092052001"":4,""250250813001"":4,""250251701005"":4,""250092072001"":4,""250251703006"":4,""250092071003"":4,""250250803001"":4,""250251804002"":4,""250250509011"":4,""250173381002"":4,""250173503003"":4,""250250301001"":4,""250251708001"":4,""250250507001"":4,""250173425003"":4,""250092071002"":4,""250173688001"":4,""250251605013"":4,""250251101035"":4,""250250506001"":4,""250251601014"":4,""250250502004"":4,""060650430062"":4}","{""250250501012"":13,""250250501013"":8,""250250502001"":8,""250250501011"":7,""250251704004"":7,""250251601014"":5,""250259813002"":5,""250173419011"":4,""250250511012"":4,""250173419022"":4,""250092084002"":4,""250250509011"":4,""250250606001"":4,""250251707012"":4,""250250701018"":4,""250250507002"":4,""250250510002"":4,""250250817005"":4,""250158219041"":4,""250250502004"":4,""250092510001"":4,""250277331022"":4,""250173514032"":4,""250259817001"":4,""250173583002"":4,""250250920003"":4,""250251606021"":4,""250250906001"":4,""250250914002"":4,""250235108002"":4,""250092055002"":4,""250250921015"":4,""250173534002"":4,""250250813001"":4,""250251605022"":4,""250173422012"":4,""250250701014"":4,""440070121023"":4,""250250509012"":4,""250251707024"":4,""250250507003"":4,""250251001007"":4,""250092032005"":4}","{""250092516001"":4,""250251403003"":4,""250251706011"":4,""250250501012"":4,""250259813002"":4,""250250701018"":4,""250092063001"":4,""250251605022"":4,""250173584001"":4,""250214571001"":4,""250250203032"":4,""250250502001"":4,""360610080001"":4,""250092052001"":4,""250250402002"":4,""250250503001"":4,""250251703002"":4,""250251604001"":4,""250214181021"":4,""250251002003"":4}","{""US"":236}",5058.0,40.5,"{""<5"":11,""5-20"":154,""21-60"":159,""61-240"":138,"">240"":74}","{""Chuck E. Cheese's"":20,""PriceRite"":9,""BP"":8,""Dunkin'"":8,""Stop & Shop"":7}","{""Dunkin'"":44,""Market Basket"":33,""Mobil"":21,""Burger King"":19,""McDonald's"":19,""CVS"":15,""Stop & Shop"":15,""BJ's Wholesale Club"":14,""Pollo Campero"":13,""Subway"":13,""The Home Depot"":12,""Simon mall"":12,""Planet Fitness"":12,""Walgreens"":11,""Shaw's"":11,""Dollar Tree"":11,""Target"":10,""Starbucks"":10,""7-Eleven"":10,""Walmart"":9}","[54,54,48,47,46,52,71,88,75,88,91,79,86,100,110,69,74,75,54,64,82,83,71,66]","{""Monday"":66,""Tuesday"":81,""Wednesday"":65,""Thursday"":86,""Friday"":87,""Saturday"":72,""Sunday"":79}","{""android"":155,""ios"":108}"
17,636,Minas Beauty Salon,2128.0,East Boston,minas beauty salon,sg:4315e447882247319475c3af87808d21,Minas Beauty Salon,154 Chelsea St,Boston,MA,2128,,,2020-01-01T00:00:00-05:00,2020-02-01T00:00:00-05:00,206,99,"[8,2,8,5,4,6,9,9,5,8,10,7,7,6,4,4,2,8,6,6,8,9,10,9,9,8,5,6,4,4,10]",250250507001.0,"{""250250507001"":21,""250259813002"":4,""250250815001"":4,""250092525023"":4,""250173423002"":4,""250251705012"":4,""250250507003"":4,""250250509013"":4,""330151051004"":4,""250250502004"":4}","{""250250507001"":13,""250251702002"":5,""090075801001"":4,""250250501011"":4,""250250509013"":4,""250250303003"":4,""330170850002"":4,""250250510001"":4,""250251707025"":4,""250250911003"":4,""250214175014"":4,""250250511012"":4,""250250506001"":4,""250250502004"":4,""250250606001"":4,""250173423002"":4}","{""250251603001"":4,""250250606001"":4,""250173399004"":4}","{""US"":82}",1257.0,60.0,"{""<5"":3,""5-20"":71,""21-60"":30,""61-240"":41,"">240"":61}","{""Subway"":32,""Shell Oil"":32,""The Men's Wearhouse"":14,""Cumberland Farms"":11}","{""Dunkin'"":37,""Market Basket"":23,""Stop & Shop"":14,""Burger King"":13,""CVS"":11,""Subway"":9,""Mobil"":9,""Simon mall"":9,""BJ's Wholesale Club"":9,""The Home Depot"":7,""Dollar Tree"":6,""T.J. Maxx"":6,""Marshalls"":5,""Starbucks"":5,""Expressions Shoes "":5,""Speedway"":5}","[64,57,55,52,54,54,68,42,29,22,25,34,22,18,26,25,21,28,26,24,36,45,48,60]","{""Monday"":24,""Tuesday"":29,""Wednesday"":34,""Thursday"":25,""Friday"":37,""Saturday"":32,""Sunday"":25}","{""android"":60,""ios"":36}"
18,650,Moonshine 152,2127.0,South Boston,moonshine 152,sg:16307943b6474c5f83709c0d898ca35b,Moonshine 152,152 Dorchester Ave,Boston,MA,2127,,,2020-01-01T00:00:00-05:00,2020-02-01T00:00:00-05:00,461,267,"[6,17,16,16,14,14,17,29,24,19,15,15,17,25,22,14,14,12,13,16,12,15,14,11,4,4,14,9,12,18,13]",250250612001.0,"{""250235251012"":8,""250251703002"":7,""250250612001"":7,""250250919003"":5,""250250921015"":4,""250251404003"":4,""250250923003"":4,""250250917003"":4,""250251001006"":4,""250214211001"":4,""250250106001"":4,""250092106001"":4,""250250817005"":4,""250251104011"":4,""250173415003"":4,""020900013005"":4,""250173602003"":4,""250251007005"":4,""250173534002"":4,""250250916001"":4,""250092173001"":4,""250092064003"":4,""250250907001"":4,""230050047023"":4,""250250604001"":4,""250235117012"":4,""250173418004"":4,""250173353013"":4,""250250705004"":4,""250235221023"":4,""250235103003"":4,""250092111002"":4,""250250611012"":4,""250173882001"":4,""250250401002"":4,""250250815001"":4,""250235211013"":4,""250250910011"":4,""250250608003"":4,""250251704004"":4,""250250904003"":4,""250250006022"":4,""060372671004"":4,""250251007004"":4,""250250511013"":4,""250251605012"":4,""250056139011"":4,""250214191002"":4,""490351134131"":4,""250250605013"":4,""250250607001"":4,""250056111011"":4,""250250608004"":4,""500070029002"":4}","{""250250612001"":13,""250173534002"":8,""250251009002"":6,""330110105003"":5,""250173311022"":5,""250250701018"":5,""250250705004"":4,""250250924005"":4,""250214202022"":4,""250250607001"":4,""250251601014"":4,""250235303002"":4,""250173165001"":4,""250250701011"":4,""250092103002"":4,""250173154022"":4,""400470006001"":4,""250250817003"":4,""250235031011"":4,""440070113012"":4,""250092532024"":4,""250214564024"":4,""250214175022"":4,""250250701012"":4,""250250511013"":4,""250251605012"":4,""250250919003"":4,""250214175024"":4,""250173602003"":4,""250235102002"":4,""250214132003"":4,""250173524002"":4,""250214176023"":4,""250214175023"":4,""250214179015"":4,""250092111002"":4,""250250801001"":4,""250251011021"":4,""250235221023"":4,""250214182002"":4,""330110143005"":4,""250250923001"":4,""250251203013"":4,""250250608004"":4,""250056139011"":4,""090159001001"":4,""250251401072"":4,""250250401002"":4,""250251006013"":4,""250235232024"":4,""250250106001"":4,""250250603011"":4,""250235051015"":4,""250173415003"":4,""250251104011"":4}","{""250250612001"":18,""250250701018"":6,""250250701011"":6,""250250806011"":4,""250250712011"":4,""250250810011"":4,""250235109001"":4,""250235061024"":4,""250250107021"":4,""250251304041"":4,""250250911005"":4,""250010135001"":4,""250251403001"":4,""250173524001"":4,""250214143003"":4,""250250203011"":4,""250250303003"":4,""250173311022"":4,""250173397002"":4,""250250406001"":4}","{""US"":246}",7298.0,16.0,"{""<5"":38,""5-20"":215,""21-60"":65,""61-240"":70,"">240"":73}","{""Walgreens"":13,""Dunkin'"":8,""Subway"":7,""Target"":7}","{""Dunkin'"":45,""Stop & Shop"":20,""Starbucks"":20,""CVS"":19,""sweetgreen"":18,""Mobil"":16,""Target"":14,""Speedway"":14,""Loyal Companion"":13,""7-Eleven"":12,""Market Basket"":12,""Cumberland Farms"":11,""Simon mall"":10,""Burger King"":10,""BJ's Wholesale Club"":9,""The Home Depot"":9,""Subway"":8,""CrossFit"":8,""McDonald's"":7,""T.J. Maxx"":7}","[30,29,29,21,33,36,41,52,79,74,73,78,90,83,75,63,56,36,30,51,45,54,41,33]","{""Monday"":61,""Tuesday"":63,""Wednesday"":84,""Thursday"":87,""Friday"":73,""Saturday"":47,""Sunday"":46}","{""android"":152,""ios"":113}"
19,674,Napoles Restaurant,2128.0,East Boston,napoles restaurant,sg:2eb4e2d5d8b34af0a9ac037ccc52d1d9,Napoles Restaurant,1233 Bennington St,Boston,MA,2128,,,2020-01-01T00:00:00-05:00,2020-02-01T00:00:00-05:00,337,179,"[7,10,9,3,7,10,8,9,10,18,20,17,14,12,11,8,14,14,13,7,15,10,15,8,7,15,13,5,5,8,15]",250250511014.0,"{""250250511011"":9,""250250511014"":7,""250251707022"":6,""250251706011"":6,""250251708002"":5,""250250104033"":5,""250251707023"":5,""250250502001"":4,""250092022002"":4,""250251708004"":4,""250251801013"":4,""250250920004"":4,""250092114011"":4,""250092022006"":4,""250250606001"":4,""250092056003"":4,""250251703006"":4,""250251707021"":4,""250173426003"":4,""250251704003"":4,""250251705012"":4,""250092067001"":4,""330110171003"":4,""250173161021"":4,""250092069002"":4,""250250512002"":4,""250251802002"":4,""250251707012"":4,""250251707024"":4,""250173832002"":4,""250250408013"":4,""250251701001"":4,""250092682004"":4,""250250511012"":4,""250250503001"":4,""250251706012"":4,""250250502004"":4,""250251606011"":4,""250250510003"":4,""250173419026"":4}","{""250250511014"":10,""250251707025"":7,""250250002011"":4,""250092022001"":4,""250173334005"":4,""250250203011"":4,""250173424001"":4,""250251707011"":4,""250251805002"":4,""250250512002"":4,""250251606012"":4,""250250511012"":4,""250251706012"":4,""250173425003"":4,""250251707023"":4,""250251705011"":4,""250251708004"":4,""250250910013"":4,""250250203021"":4,""250250704021"":4,""250250510003"":4,""250173419026"":4,""250251702001"":4,""250250705004"":4,""250251705012"":4,""250092070002"":4,""250092114011"":4,""230050170021"":4,""250251703005"":4,""250250511011"":4,""250251801013"":4}","{""250173131011"":5,""250250303003"":5,""250250103002"":5,""250250702001"":4,""250250704021"":4,""250138011021"":4,""250250201012"":4,""330110113002"":4,""250250509011"":4,""250250701018"":4,""250250502004"":4,""250250909012"":4,""250251605021"":4,""250250203032"":4,""250173531012"":4,""250250102043"":4,""250251705011"":4}","{""US"":163}",3240.0,35.0,"{""<5"":17,""5-20"":129,""21-60"":48,""61-240"":85,"">240"":58}","{""Applebee's"":14,""Dollar Tree"":12,""Dunkin'"":10,""Mobil"":8,""SpringHill Suites by Marriott"":5}","{""Dunkin'"":59,""Market Basket"":21,""Burger King"":20,""Stop & Shop"":19,""Starbucks"":18,""Mobil"":15,""CVS"":13,""Target"":13,""7-Eleven"":13,""Subway"":11,""Planet Fitness"":10,""sweetgreen"":10,""The Home Depot"":10,""McDonald's"":9,""Dollar Tree"":9,""Wendy's"":8,""Walgreens"":7,""Burlington"":7,""CrossFit"":7,""Simon mall"":6}","[59,36,15,14,12,30,27,33,35,36,45,61,46,53,48,49,46,50,39,44,51,50,52,60]","{""Monday"":44,""Tuesday"":40,""Wednesday"":42,""Thursday"":51,""Friday"":64,""Saturday"":44,""Sunday"":52}","{""android"":109,""ios"":69}"
20,717,Paris Creperie Seaport,2210.0,South Boston Waterfront,paris creperie seaport,sg:17a903cd97774b12976f46f9f26687a3,Paris Creperie Seaport,60 Seaport Blvd,Boston,MA,2210,,,2020-01-01T00:00:00-05:00,2020-02-01T00:00:00-05:00,70,67,"[2,3,3,4,1,1,0,1,2,6,7,0,0,2,1,3,3,4,2,1,1,0,4,1,7,3,0,0,2,2,4]",250250606001.0,"{""250250108013"":4,""250173683004"":4,""250250511013"":4,""330110023003"":4,""250250005041"":4,""360610063004"":4,""250173173022"":4,""250250301001"":4,""250250301002"":4,""250250606001"":4,""250250612001"":4,""250235022004"":4,""250092181002"":4}","{""230050025025"":5,""250250608001"":5,""250250904003"":4,""090091846001"":4,""250250701018"":4,""250250606001"":4,""250214561021"":4,""250173503001"":4,""250173216002"":4,""440070157001"":4,""230050001002"":4,""250251304025"":4,""250250610001"":4,""250250612001"":4}","{""090010441001"":6,""250214043021"":6,""250250606001"":5,""250250107021"":5,""250250820003"":5,""250250612001"":4,""250173216002"":4,""250250102034"":4}","{""US"":63}",12263.0,69.0,"{""<5"":0,""5-20"":9,""21-60"":21,""61-240"":28,"">240"":12}","{""McCormick & Schmick's"":33,""Autograph Collection Hotels"":33}","{""Dunkin'"":40,""sweetgreen"":30,""Starbucks"":23,""CVS"":19,""Equinox Fitness Clubs"":16,""Simon mall"":16,""Shell Oil"":10,""Stop & Shop"":10,""Whole Foods Market"":10,""Subway"":10,""The Home Depot"":9,""Star Market"":9,""Mobil"":9,""Juice Press"":7,""Market Basket"":7,""Hannaford Supermarkets"":7,""Westin Hotels & Resorts"":7,""Panera Bread"":7,""Gulf Oil"":7,""Shoppers World"":6}","[18,13,10,9,9,9,9,8,9,8,6,5,4,3,1,0,0,0,1,16,19,36,45,33]","{""Monday"":2,""Tuesday"":3,""Wednesday"":6,""Thursday"":14,""Friday"":17,""Saturday"":22,""Sunday"":6}","{""android"":16,""ios"":51}"
21,746,POLLOS A LA BRASA BETOS,2128.0,East Boston,pollos a la brasa betos,sg:fd403b9a282b42319fb3f7e48f986708,Pollos A La Brasa Betos,69 Bennington St,Boston,MA,2128,,,2020-01-01T00:00:00-05:00,2020-02-01T00:00:00-05:00,352,187,"[9,5,11,18,9,10,9,23,13,22,18,16,10,13,5,6,15,7,9,7,14,11,5,6,5,16,5,13,13,13,16]",250250507001.0,"{""250250507001"":16,""250250502002"":9,""250250507003"":8,""250250502004"":7,""250250507002"":6,""250250506002"":6,""250250501013"":5,""250250103001"":5,""250250511011"":5,""250259813002"":4,""330150560001"":4,""250250502001"":4,""250250506001"":4,""330059713004"":4,""250173416004"":4,""250250705002"":4,""250251706011"":4,""250250509012"":4,""250251708001"":4,""250173424004"":4,""250250510003"":4,""250214202012"":4,""250173423003"":4,""250251707025"":4,""250251705011"":4,""250251605011"":4,""250250408012"":4,""250250501012"":4,""250251606024"":4,""250250505001"":4,""250250504001"":4,""360650212012"":4,""250251707022"":4}","{""250250507001"":12,""250250502004"":8,""250251701007"":7,""250250501013"":5,""250250304002"":5,""250251701005"":4,""250250509012"":4,""250250502001"":4,""250173510006"":4,""250250505001"":4,""250251706011"":4,""250173831022"":4,""250250509011"":4,""250250507002"":4,""250173834001"":4,""250173322004"":4,""250251006011"":4,""250250501011"":4,""250092609002"":4,""250251703003"":4,""330150560002"":4,""250173515001"":4,""250250921011"":4,""250173424004"":4,""250250511011"":4,""250250507003"":4,""250251704003"":4,""250250501012"":4,""250250509013"":4,""250250502002"":4,""250092069002"":4,""250251805003"":4}","{""250250701013"":5,""250250107011"":4,""250250501012"":4,""250250502001"":4,""250250507001"":4,""250092061001"":4,""250250503001"":4,""250250107021"":4,""250251703004"":4,""250173424003"":4}","{""US"":169}",3254.0,42.5,"{""<5"":9,""5-20"":112,""21-60"":95,""61-240"":72,"">240"":64}","{""Burlington"":14,""Burger King"":10,""Target"":9,""Simon mall"":7,""Dollar Tree"":6,""Starbucks"":5}","{""Dunkin'"":52,""Market Basket"":33,""Subway"":19,""Burger King"":19,""Mobil"":18,""McDonald's"":18,""BJ's Wholesale Club"":14,""CVS"":13,""The Home Depot"":13,""Dollar Tree"":13,""Starbucks"":13,""7-Eleven"":12,""Stop & Shop"":11,""Planet Fitness"":10,""10 Spot/MadRag"":10,""Walgreens"":9,""Target"":9,""Pollo Campero"":9,""Shaw's"":8,""T.J. Maxx"":7}","[56,53,51,49,49,48,35,36,45,52,58,58,59,55,49,49,65,66,60,42,45,59,55,55]","{""Monday"":32,""Tuesday"":49,""Wednesday"":61,""Thursday"":42,""Friday"":70,""Saturday"":48,""Sunday"":50}","{""android"":121,""ios"":65}"
22,864,Southie's Own,2127.0,South Boston,southie's own,sg:53506732aa9940d182f58303bc622b1f,Southie's Own,396 W Broadway,Boston,MA,2127,,,2020-01-01T00:00:00-05:00,2020-02-01T00:00:00-05:00,153,83,"[1,1,4,0,2,7,6,3,5,6,6,3,6,4,5,7,7,2,7,6,9,5,10,6,1,4,3,7,4,6,10]",250250606001.0,"{""250214224005"":4,""250250602002"":4,""250173672003"":4,""250250601013"":4,""250214134012"":4,""250251401062"":4,""250250804012"":4,""230110241011"":4,""250250610001"":4,""121113819001"":4,""250250608001"":4,""250250002011"":4,""250173421022"":4,""250250709001"":4,""250250607001"":4,""250250606001"":4,""250250921014"":4}","{""250235041013"":7,""250250701011"":4,""250250607001"":4,""360610255001"":4,""250250906002"":4,""250092045002"":4,""250173416003"":4,""250250606001"":4,""250250711013"":4,""250250608001"":4,""250173372023"":4,""250250504001"":4,""250250605015"":4,""250277311021"":4,""250250612001"":4,""250173171032"":4}","{""250250608001"":4,""250235012023"":4,""250251011021"":4,""330151003013"":4,""250250612001"":4,""250250203032"":4,""250250103002"":4,""250250701018"":4}","{""US"":74}",8315.0,30.0,"{""<5"":6,""5-20"":51,""21-60"":43,""61-240"":26,"">240"":27}","{""Cosi"":33,""Dunkin'"":33,""Btone Fitness"":20,""Loyal Companion"":14,""Mobil"":14,""Boys & Girls Clubs of America"":11,""CrossFit"":11}","{""Dunkin'"":52,""Stop & Shop"":26,""Starbucks"":26,""Market Basket"":22,""CVS"":21,""Loyal Companion"":17,""Simon mall"":16,""Speedway"":15,""sweetgreen"":14,""7-Eleven"":12,""BJ's Wholesale Club"":11,""Walgreens"":11,""McDonald's"":10,""Target"":10,""Cumberland Farms"":9,""Sunoco"":9,""Burger King"":9,""Subway"":9,""CrossFit"":8,""Whole Foods Market"":8}","[22,23,21,21,22,35,37,28,14,13,16,17,20,24,22,24,12,12,7,10,6,5,21,24]","{""Monday"":22,""Tuesday"":26,""Wednesday"":18,""Thursday"":29,""Friday"":33,""Saturday"":9,""Sunday"":16}","{""android"":51,""ios"":34}"
23,890,Sunny Florists,2127.0,South Boston,sunny florists,sg:48c1e56da4554d739937c486a157b8aa,Sunny Florists,9 W Broadway # R123,Boston,MA,2127,,,2020-01-01T00:00:00-05:00,2020-02-01T00:00:00-05:00,577,353,"[12,17,16,16,11,24,31,22,23,21,23,10,25,21,20,30,20,6,13,14,24,25,22,17,8,6,29,16,15,21,19]",250250612001.0,"{""250250612001"":11,""250259811004"":7,""250250818003"":7,""250250607001"":6,""250250702003"":5,""250214201004"":5,""330110142011"":4,""250250507003"":4,""250092610001"":4,""250250909011"":4,""250250911002"":4,""250173573002"":4,""250251005002"":4,""250235081023"":4,""250250403002"":4,""250250704021"":4,""250250922004"":4,""250250705002"":4,""250235105033"":4,""250251004002"":4,""250056131002"":4,""250250605014"":4,""250250909012"":4,""250250608003"":4,""090117161022"":4,""360610189006"":4,""250251104032"":4,""250250610001"":4,""250092171001"":4,""250251006013"":4,""120690313072"":4,""250059856001"":4,""250277163002"":4,""250251605012"":4,""250250606001"":4,""250250821003"":4,""250250712011"":4,""250250604003"":4,""250250605013"":4,""250235202022"":4,""250251001006"":4,""330150610011"":4,""250214225012"":4,""250250611012"":4,""250251804002"":4,""250250801002"":4,""250235062022"":4,""250251402022"":4,""250056521003"":4,""250250818001"":4,""250250604004"":4,""250173392006"":4,""250214175021"":4,""360810019001"":4,""250173398011"":4,""250250604002"":4,""250250608001"":4,""250251010015"":4,""250214177014"":4,""250251011013"":4,""250235021012"":4}","{""250250612001"":18,""250250607001"":8,""250259901010"":6,""250250709001"":6,""330099604002"":6,""250250920001"":6,""250250607002"":6,""250214201004"":5,""250250605013"":4,""250250919004"":4,""250250305001"":4,""250173417002"":4,""250250701012"":4,""250250813002"":4,""250250610002"":4,""250250701013"":4,""250250107021"":4,""250092513001"":4,""250214203012"":4,""250092069002"":4,""250250704021"":4,""250251003001"":4,""250173573003"":4,""250250801001"":4,""250250909012"":4,""250251011013"":4,""250214221002"":4,""250092114022"":4,""250173421021"":4,""250251004002"":4,""250251008003"":4,""250250810011"":4,""330150037012"":4,""060670085132"":4,""250251005001"":4,""250173531022"":4,""131210011003"":4,""250173424004"":4,""250214103002"":4,""250092544011"":4,""250173401003"":4,""250250712011"":4,""250251605012"":4,""250214193003"":4,""250250606001"":4,""250250612002"":4,""250173566012"":4,""250173513001"":4,""360610189006"":4,""250250107011"":4,""250235031022"":4,""250251804002"":4,""440070024004"":4,""250250924001"":4,""250173510001"":4,""250250805002"":4,""250214172003"":4,""250250916001"":4,""250235115002"":4,""250250106001"":4,""250250602002"":4,""250173421022"":4,""250251101037"":4,""250092611022"":4,""250251606023"":4}","{""250250612001"":17,""250250303003"":8,""250250701018"":6,""250250712011"":5,""250250612002"":5,""250235251043"":4,""250173515001"":4,""250251705011"":4,""250250203011"":4,""250250820003"":4,""250250106001"":4,""250250406001"":4,""250173531011"":4,""250250920001"":4,""250173567027"":4,""250214132002"":4,""250250711011"":4,""250251103011"":4,""250250511011"":4,""360290165001"":4,""250251010014"":4,""250250909012"":4,""250250102032"":4,""250250502001"":4,""250250701011"":4,""250250801001"":4,""250250608002"":4,""250173398011"":4,""250214009001"":4,""250250107021"":4,""250250203021"":4,""250250817005"":4}","{""US"":321}",7226.0,13.0,"{""<5"":50,""5-20"":291,""21-60"":110,""61-240"":79,"">240"":47}","{""Crunch"":9,""LA Fitness"":6,""Legal Sea Foods"":6,""Le Meridien"":6,""AC Hotel"":6}","{""Dunkin'"":51,""Starbucks"":33,""CVS"":26,""Stop & Shop"":21,""sweetgreen"":18,""Loyal Companion"":13,""Market Basket"":13,""Subway"":11,""Mobil"":11,""7-Eleven"":10,""Target"":10,""Speedway"":10,""Burger King"":10,""Walgreens"":9,""McDonald's"":9,""Pret A Manger"":9,""CrossFit"":8,""Au Bon Pain"":8,""The Home Depot"":7,""BJ's Wholesale Club"":7}","[59,37,35,37,43,58,62,69,75,72,78,64,65,62,50,59,38,35,28,24,33,32,29,52]","{""Monday"":92,""Tuesday"":92,""Wednesday"":94,""Thursday"":113,""Friday"":93,""Saturday"":53,""Sunday"":40}","{""android"":191,""ios"":160}"
24,907,Taqueria Jalisco,2128.0,East Boston,taqueria jalisco,sg:153fb471efec4b0fbed7cf1abf158bc2,Taqueria Jalisco,291 Bennington St,Boston,MA,2128,,,2020-01-01T00:00:00-05:00,2020-02-01T00:00:00-05:00,70,62,"[0,1,7,3,6,1,3,2,1,5,3,1,3,3,5,1,0,2,3,1,0,2,2,4,2,0,2,0,1,3,3]",250250509011.0,"{""250092103003"":4,""250250403003"":4,""250250006023"":4,""250251606011"":4,""250251605011"":4,""250251601015"":4,""250092107002"":4,""250250511013"":4,""250251601011"":4,""250092514001"":4,""250214182004"":4,""250250502003"":4,""250250502004"":4,""250173577004"":4,""250251605023"":4,""250092532012"":4,""482150235042"":4,""250251708001"":4}","{""250250709001"":7,""250250509011"":4,""250251605023"":4,""201550018002"":4,""250092104001"":4,""250173394003"":4,""250173424004"":4,""250214182004"":4,""200910517002"":4,""250250502004"":4,""250251602003"":4}","{""250250509011"":9,""250250502004"":5,""250092112002"":4,""250173545002"":4,""250173532001"":4,""250235011024"":4,""250250408013"":4}","{""US"":59}",5432.0,31.0,"{""<5"":6,""5-20"":20,""21-60"":29,""61-240"":15,"">240"":0}","{""Subway"":15}","{""Dunkin'"":37,""Market Basket"":35,""Starbucks"":24,""Burger King"":20,""McDonald's"":20,""The Home Depot"":18,""7-Eleven"":17,""BP"":16,""Subway"":16,""BJ's Wholesale Club"":14,""CVS"":13,""T.J. Maxx"":13,""Walgreens"":12,""Wendy's"":12,""Pollo Campero"":11,""Mobil"":11,""Stop & Shop"":11,""Marshalls"":11,""Kimpton Hotels & Restaurants"":10,""Target"":10}","[0,0,0,0,0,0,0,4,3,5,7,8,9,14,11,10,11,6,12,2,3,3,2,0]","{""Monday"":7,""Tuesday"":6,""Wednesday"":10,""Thursday"":8,""Friday"":19,""Saturday"":10,""Sunday"":10}","{""android"":33,""ios"":31}"
25,909,Tawakal Halal Cafe,2128.0,East Boston,tawakal halal cafe,sg:1a2a581a9f57482fa7ec77bd4445d355,Tawakal Halal Cafe,389 Maverick St,Boston,MA,2128,,,2020-01-01T00:00:00-05:00,2020-02-01T00:00:00-05:00,930,408,"[23,23,31,20,25,42,24,36,28,29,27,23,39,19,27,42,38,39,38,50,28,28,47,35,17,14,44,22,17,23,32]",250250512002.0,"{""250250512002"":13,""250259813002"":9,""250277521001"":6,""250056161003"":6,""250251004001"":5,""250092101001"":5,""250214132002"":4,""371830530083"":4,""250214203011"":4,""060710109013"":4,""250235091013"":4,""250173251007"":4,""250251707011"":4,""500259677001"":4,""250250924001"":4,""250214203024"":4,""250092081023"":4,""060590626113"":4,""250056442001"":4,""250173401006"":4,""330150600001"":4,""230310052001"":4,""330112002002"":4,""250250604002"":4,""250173364021"":4,""250173704002"":4,""250251404005"":4,""470650113254"":4,""120860097031"":4,""250277161005"":4,""250214178013"":4,""440070167002"":4,""440030217002"":4,""250214221003"":4,""482012209001"":4,""250056312005"":4,""250056514001"":4,""330150036012"":4,""330110025001"":4,""250092503001"":4,""250092056002"":4,""230190007001"":4,""250092082002"":4,""250092055002"":4,""250235001044"":4,""250251104035"":4,""250173116001"":4,""250251805004"":4,""250173512033"":4,""250092091003"":4,""250173143014"":4,""250277305003"":4,""330150625002"":4,""330150037011"":4,""181050004021"":4,""250235012023"":4,""250250907001"":4,""250250506002"":4,""440070164001"":4,""250173161022"":4,""250092107004"":4,""250173412005"":4,""250250817002"":4,""250092121004"":4,""250250505001"":4,""250251803012"":4,""250214172004"":4,""230110140002"":4}","{""250259813002"":21,""250250512002"":16,""250092071003"":7,""440070034004"":7,""250251602002"":6,""261390246001"":6,""330150039011"":5,""250173825003"":5,""250173834004"":5,""250092081023"":4,""250235431002"":4,""250173171021"":4,""250277329013"":4,""250173412005"":4,""250250007014"":4,""250173413003"":4,""250173738002"":4,""250214225023"":4,""250173504002"":4,""250277521001"":4,""250250303003"":4,""484391065171"":4,""330151051003"":4,""330110011004"":4,""250251801013"":4,""250235212023"":4,""330150600001"":4,""250235062041"":4,""250173364012"":4,""440070017003"":4,""120210104152"":4,""250214161022"":4,""440070167001"":4,""250250512001"":4,""330110111021"":4,""250173363001"":4,""250250203032"":4,""250250108013"":4,""250056137001"":4,""250092091004"":4,""440070142002"":4,""481130195011"":4,""250173419021"":4,""250056312005"":4,""120110106012"":4,""484391024012"":4,""250056514001"":4,""250010112002"":4,""250251004001"":4,""250173701014"":4,""340030400012"":4,""330170843004"":4,""250173224002"":4,""181050004021"":4,""250235012023"":4,""250056133004"":4,""250214132002"":4,""250235061024"":4,""330130340002"":4,""250277441022"":4,""250173251007"":4,""250251603001"":4,""250250102034"":4,""090116952022"":4,""060710109013"":4,""250251605022"":4,""250250703001"":4,""250214180031"":4,""250010101003"":4,""250250604002"":4,""250250701011"":4}","{""250259813002"":21,""250173739001"":4,""250251601013"":4,""250214180042"":4,""250251602003"":4,""250250510002"":4,""120910212002"":4,""250250701011"":4,""250214012002"":4,""250277401021"":4,""250092082004"":4,""250250810011"":4,""250250203021"":4,""250235041023"":4}","{""US"":371,""CA"":4}",30429.0,20.0,"{""<5"":55,""5-20"":430,""21-60"":192,""61-240"":153,"">240"":100}","{""Hilton International"":9,""Get Air"":7,""FedEx"":7,""The Capital Grille"":6,""Gulf Oil"":5,""ALDO"":5}","{""Dunkin'"":44,""CVS"":22,""Market Basket"":20,""Mobil"":20,""Stop & Shop"":19,""Cumberland Farms"":18,""Starbucks"":17,""McDonald's"":16,""Shell Oil"":16,""Speedway"":15,""Simon mall"":13,""Walgreens"":12,""Burger King"":12,""Hilton International"":12,""7-Eleven"":12,""Planet Fitness"":11,""Gulf Oil"":11,""Target"":11,""sweetgreen"":11,""The Home Depot"":10}","[51,54,57,58,65,71,75,90,139,154,160,125,133,134,125,119,121,88,75,76,93,82,63,56]","{""Monday"":175,""Tuesday"":93,""Wednesday"":131,""Thursday"":163,""Friday"":165,""Saturday"":103,""Sunday"":100}","{""android"":270,""ios"":138}"
26,910,Tawakal Halal Cafe,2128.0,East Boston,tawakal halal cafe,sg:1a2a581a9f57482fa7ec77bd4445d355,Tawakal Halal Cafe,389 Maverick St,Boston,MA,2128,,,2020-01-01T00:00:00-05:00,2020-02-01T00:00:00-05:00,930,408,"[23,23,31,20,25,42,24,36,28,29,27,23,39,19,27,42,38,39,38,50,28,28,47,35,17,14,44,22,17,23,32]",250250512002.0,"{""250250512002"":13,""250259813002"":9,""250277521001"":6,""250056161003"":6,""250251004001"":5,""250092101001"":5,""250214132002"":4,""371830530083"":4,""250214203011"":4,""060710109013"":4,""250235091013"":4,""250173251007"":4,""250251707011"":4,""500259677001"":4,""250250924001"":4,""250214203024"":4,""250092081023"":4,""060590626113"":4,""250056442001"":4,""250173401006"":4,""330150600001"":4,""230310052001"":4,""330112002002"":4,""250250604002"":4,""250173364021"":4,""250173704002"":4,""250251404005"":4,""470650113254"":4,""120860097031"":4,""250277161005"":4,""250214178013"":4,""440070167002"":4,""440030217002"":4,""250214221003"":4,""482012209001"":4,""250056312005"":4,""250056514001"":4,""330150036012"":4,""330110025001"":4,""250092503001"":4,""250092056002"":4,""230190007001"":4,""250092082002"":4,""250092055002"":4,""250235001044"":4,""250251104035"":4,""250173116001"":4,""250251805004"":4,""250173512033"":4,""250092091003"":4,""250173143014"":4,""250277305003"":4,""330150625002"":4,""330150037011"":4,""181050004021"":4,""250235012023"":4,""250250907001"":4,""250250506002"":4,""440070164001"":4,""250173161022"":4,""250092107004"":4,""250173412005"":4,""250250817002"":4,""250092121004"":4,""250250505001"":4,""250251803012"":4,""250214172004"":4,""230110140002"":4}","{""250259813002"":21,""250250512002"":16,""250092071003"":7,""440070034004"":7,""250251602002"":6,""261390246001"":6,""330150039011"":5,""250173825003"":5,""250173834004"":5,""250092081023"":4,""250235431002"":4,""250173171021"":4,""250277329013"":4,""250173412005"":4,""250250007014"":4,""250173413003"":4,""250173738002"":4,""250214225023"":4,""250173504002"":4,""250277521001"":4,""250250303003"":4,""484391065171"":4,""330151051003"":4,""330110011004"":4,""250251801013"":4,""250235212023"":4,""330150600001"":4,""250235062041"":4,""250173364012"":4,""440070017003"":4,""120210104152"":4,""250214161022"":4,""440070167001"":4,""250250512001"":4,""330110111021"":4,""250173363001"":4,""250250203032"":4,""250250108013"":4,""250056137001"":4,""250092091004"":4,""440070142002"":4,""481130195011"":4,""250173419021"":4,""250056312005"":4,""120110106012"":4,""484391024012"":4,""250056514001"":4,""250010112002"":4,""250251004001"":4,""250173701014"":4,""340030400012"":4,""330170843004"":4,""250173224002"":4,""181050004021"":4,""250235012023"":4,""250056133004"":4,""250214132002"":4,""250235061024"":4,""330130340002"":4,""250277441022"":4,""250173251007"":4,""250251603001"":4,""250250102034"":4,""090116952022"":4,""060710109013"":4,""250251605022"":4,""250250703001"":4,""250214180031"":4,""250010101003"":4,""250250604002"":4,""250250701011"":4}","{""250259813002"":21,""250173739001"":4,""250251601013"":4,""250214180042"":4,""250251602003"":4,""250250510002"":4,""120910212002"":4,""250250701011"":4,""250214012002"":4,""250277401021"":4,""250092082004"":4,""250250810011"":4,""250250203021"":4,""250235041023"":4}","{""US"":371,""CA"":4}",30429.0,20.0,"{""<5"":55,""5-20"":430,""21-60"":192,""61-240"":153,"">240"":100}","{""Hilton International"":9,""Get Air"":7,""FedEx"":7,""The Capital Grille"":6,""Gulf Oil"":5,""ALDO"":5}","{""Dunkin'"":44,""CVS"":22,""Market Basket"":20,""Mobil"":20,""Stop & Shop"":19,""Cumberland Farms"":18,""Starbucks"":17,""McDonald's"":16,""Shell Oil"":16,""Speedway"":15,""Simon mall"":13,""Walgreens"":12,""Burger King"":12,""Hilton International"":12,""7-Eleven"":12,""Planet Fitness"":11,""Gulf Oil"":11,""Target"":11,""sweetgreen"":11,""The Home Depot"":10}","[51,54,57,58,65,71,75,90,139,154,160,125,133,134,125,119,121,88,75,76,93,82,63,56]","{""Monday"":175,""Tuesday"":93,""Wednesday"":131,""Thursday"":163,""Friday"":165,""Saturday"":103,""Sunday"":100}","{""android"":270,""ios"":138}"
27,941,The Quiet Few,2128.0,East Boston,the quiet few,sg:934083f1c8824bb28ad45b41b82a2797,The Quiet Few,331 Sumner St,Boston,MA,2128,,,2020-01-01T00:00:00-05:00,2020-02-01T00:00:00-05:00,205,107,"[4,3,6,9,4,3,4,3,9,7,8,6,6,4,11,3,3,8,13,10,9,2,6,14,5,10,5,4,6,8,12]",250250504002.0,"{""250250504002"":18,""250250512003"":9,""250250512002"":6,""250173393002"":4,""250173414003"":4,""250173352003"":4,""250092071002"":4,""250235114003"":4,""250250511011"":4,""420131016001"":4,""250173398022"":4,""250173515002"":4,""340210030021"":4,""250250506001"":4}","{""250250504002"":18,""250250505001"":5,""250250512001"":4,""250250509012"":4,""250250512003"":4,""420131007001"":4,""250250512002"":4,""250251805002"":4,""250092054001"":4,""250173591004"":4,""440070146002"":4,""250214007001"":4,""250250606001"":4,""250173423004"":4}","{""250235021012"":4,""440070124022"":4,""250250701018"":4,""250250408011"":4,""250250505001"":4,""250250510001"":4,""250250303003"":4,""250173398011"":4,""250173591004"":4}","{""US"":96}",2438.0,138.0,"{""<5"":1,""5-20"":29,""21-60"":37,""61-240"":63,"">240"":75}","{""Wingstop"":17}","{""Dunkin'"":39,""Burger King"":24,""Starbucks"":14,""CVS"":14,""Market Basket"":14,""Subway"":12,""McDonald's"":12,""Stop & Shop"":12,""CrossFit"":10,""sweetgreen"":10,""Mobil"":10,""Shaw's"":9,""7-Eleven"":9,""Target"":8,""Speedway"":8,""BJ's Wholesale Club"":7,""Dollar Tree"":6,""Chipotle Mexican Grill"":6,""T.J. Maxx"":6,""Simon mall"":5}","[59,57,57,61,62,60,62,61,59,60,62,57,55,59,51,38,27,30,27,40,56,60,58,53]","{""Monday"":24,""Tuesday"":21,""Wednesday"":26,""Thursday"":29,""Friday"":42,""Saturday"":30,""Sunday"":33}","{""android"":66,""ios"":42}"
28,973,Tu Metapan Restaurant,2128.0,East Boston,tu metapan restaurant,sg:f3952522e13a4febb02cdbed43d6f508,Tu Metapan Restaurant,295 Bennington St,Boston,MA,2128,,,2020-01-01T00:00:00-05:00,2020-02-01T00:00:00-05:00,67,59,"[1,5,3,3,2,1,2,0,2,2,5,2,0,1,0,2,3,3,5,1,4,1,1,4,1,1,3,1,2,2,4]",250250509011.0,"{""250251707025"":7,""250250509011"":4,""250173154032"":4,""360810846021"":4,""250251703003"":4,""250092057004"":4,""250173423002"":4,""250251606012"":4,""250250511013"":4,""250277313003"":4,""250250506002"":4,""250251704004"":4,""250250509012"":4,""250092047012"":4}","{""250277441011"":5,""250251606021"":4,""250251802003"":4,""250251604001"":4,""250250509011"":4,""250173423002"":4,""250251704004"":4,""250251706014"":4,""250173154032"":4,""250173577004"":4}","{""250250701018"":6,""250250509011"":6,""250250511011"":4,""250251707012"":4}","{""US"":57}",3618.0,34.0,"{""<5"":2,""5-20"":26,""21-60"":26,""61-240"":13,"">240"":0}","{""Fresenius Kidney Care"":33,""CITGO"":33}","{""Dunkin'"":68,""Market Basket"":42,""McDonald's"":37,""Burger King"":31,""Target"":27,""Subway"":27,""Walmart"":23,""The Home Depot"":21,""Starbucks"":21,""CVS"":18,""Mobil"":17,""Pollo Campero"":17,""T.J. Maxx"":17,""Planet Fitness"":17,""Walgreens"":17,""Burlington"":15,""7-Eleven"":14,""BP"":14,""Stop & Shop"":13,""IHOP"":12}","[0,0,1,0,0,0,4,0,1,2,8,9,7,9,12,9,7,13,11,6,5,4,1,0]","{""Monday"":5,""Tuesday"":8,""Wednesday"":4,""Thursday"":12,""Friday"":16,""Saturday"":12,""Sunday"":10}","{""android"":21,""ios"":38}"
29,1073,chinese dragon,2128.0,East Boston,chinese dragon,sg:51040e76fd124501b785fe088c966c2d,Chinese Dragon,380 Chelsea St,Boston,MA,2128,,,2020-01-01T00:00:00-05:00,2020-02-01T00:00:00-05:00,221,129,"[8,6,7,8,7,7,7,6,5,9,13,13,6,6,5,5,8,12,10,4,10,6,2,5,13,6,7,11,4,3,2]",250250509011.0,"{""250250509011"":6,""250250815001"":5,""250251009003"":4,""250250805001"":4,""250251801013"":4,""250250904003"":4,""250056411012"":4,""250251605021"":4,""250092056003"":4,""250251605011"":4,""250251101037"":4,""250173381002"":4,""250251708004"":4,""250251804002"":4,""250251602002"":4,""250250509013"":4,""250173424005"":4,""250250502001"":4,""250173416002"":4,""250251705012"":4,""250173416006"":4,""330150038021"":4,""250092072001"":4,""250250501013"":4,""250250817003"":4}","{""250250502003"":5,""250173381002"":5,""250251703004"":4,""250214101002"":4,""250092043002"":4,""250251803013"":4,""250250004013"":4,""250092108002"":4,""250251804002"":4,""250250815001"":4,""250251701002"":4,""250251601014"":4,""250251707023"":4,""250092055001"":4,""250173426002"":4,""250056322003"":4,""250251804001"":4,""250251707022"":4,""250173591004"":4,""250250701011"":4,""250092083004"":4,""250056111011"":4,""250251605013"":4,""250251601011"":4,""230190030002"":4,""250250509011"":4,""250250502002"":4}","{""250251605013"":4,""250173398011"":4,""250250701013"":4,""250259813002"":4,""250251801013"":4,""250250509011"":4}","{""US"":118}",4203.0,30.0,"{""<5"":4,""5-20"":80,""21-60"":60,""61-240"":51,"">240"":26}","{""Irving Oil"":25,""Sunoco"":20,""The Home Depot"":19,""Domino's Pizza"":16}","{""Dunkin'"":55,""Market Basket"":39,""McDonald's"":28,""CVS"":24,""Stop & Shop"":23,""Burger King"":21,""Subway"":18,""Starbucks"":17,""Walgreens"":16,""Mobil"":16,""7-Eleven"":15,""Dollar Tree"":15,""BJ's Wholesale Club"":14,""The Home Depot"":14,""Target"":14,""Planet Fitness"":14,""Speedway"":13,""Family Dollar Stores"":11,""Sunoco"":10,""Shell Oil"":9}","[31,23,28,25,15,14,16,16,14,29,33,35,33,32,30,25,34,26,21,19,26,35,36,31]","{""Monday"":24,""Tuesday"":34,""Wednesday"":29,""Thursday"":21,""Friday"":31,""Saturday"":46,""Sunday"":36}","{""android"":85,""ios"":45}"
30,1077,Pockets Billiard Club,2128.0,East Boston,pockets billiard club,sg:dd6d92bfd75c4351b76525f503aea580,Pockets Billiard Club,981 Bennington St,Boston,MA,2128,,,2020-01-01T00:00:00-05:00,2020-02-01T00:00:00-05:00,184,137,"[8,5,5,5,1,5,6,5,4,13,5,3,5,8,4,0,7,6,9,6,9,4,12,17,3,2,5,9,7,3,3]",250250511011.0,"{""250250511013"":8,""330150697002"":7,""250250510001"":6,""250250509011"":6,""250250509012"":5,""250173323004"":5,""250251704002"":4,""250173424004"":4,""250092104003"":4,""250251707025"":4,""250251708004"":4,""250092063001"":4,""250251701007"":4,""250173412006"":4,""250251605012"":4,""250092102002"":4,""250251801013"":4,""250092682001"":4,""250173414001"":4,""250173502002"":4,""250251802004"":4,""250251707011"":4,""250259813002"":4,""500259686001"":4,""250250902002"":4,""250250507003"":4,""481130192061"":4,""250173125023"":4,""250250502004"":4,""250214180024"":4,""250173744001"":4,""250250511011"":4,""250251703003"":4,""250251603002"":4,""250251707022"":4,""250250507002"":4}","{""250251704002"":8,""250250511013"":7,""250173583002"":6,""250250510002"":6,""250251005002"":6,""250173501041"":5,""250173515002"":5,""250251801013"":5,""410050244001"":4,""250173323004"":4,""250250510001"":4,""250251702004"":4,""250092081021"":4,""250251604001"":4,""250251203012"":4,""250092211001"":4,""250251707025"":4,""250259813002"":4,""250251601011"":4,""250251804002"":4,""250173419025"":4,""250250511011"":4,""250250104053"":4,""250092102002"":4,""250173351006"":4,""250250509012"":4,""250251802001"":4,""250251707011"":4,""250214172007"":4,""250251708004"":4,""250251603001"":4}","{""120570139221"":4,""250173413002"":4,""250250612001"":4,""250250006023"":4,""250173584003"":4,""250173395002"":4,""250250906002"":4,""250251704002"":4,""250092041013"":4,""250250304002"":4,""330150691004"":4}","{""US"":133}",3702.0,44.5,"{""<5"":4,""5-20"":52,""21-60"":59,""61-240"":54,"">240"":15}","{""Dunkin'"":39,""sweetgreen"":25,""Speedway"":20,""CrossFit"":12,""McDonald's"":5}","{""Dunkin'"":57,""Market Basket"":33,""CVS"":26,""McDonald's"":24,""Mobil"":24,""Target"":22,""Burger King"":21,""Stop & Shop"":19,""Starbucks"":19,""Subway"":17,""Dollar Tree"":14,""Wendy's"":13,""7-Eleven"":13,""sweetgreen"":12,""Planet Fitness"":11,""Sunoco"":11,""BJ's Wholesale Club"":10,""Walgreens"":10,""Speedway"":10,""Gulf Oil"":9}","[15,13,8,7,8,7,13,12,12,13,16,19,29,28,24,30,32,29,19,25,33,29,14,14]","{""Monday"":21,""Tuesday"":32,""Wednesday"":28,""Thursday"":24,""Friday"":45,""Saturday"":19,""Sunday"":15}","{""android"":91,""ios"":46}"
31,1085,Mi Pueblito Orient Heights,2128.0,East Boston,mi pueblito orient heights,sg:a12947c4da7e44ec9a7f3d307e0fb17f,Mi Pueblito Orient Heights,964 Saratoga St,Boston,MA,2128,,,2020-01-01T00:00:00-05:00,2020-02-01T00:00:00-05:00,136,101,"[4,7,1,7,0,5,7,1,5,4,2,10,3,5,2,1,3,7,9,6,2,5,3,5,5,7,5,3,4,4,4]",250250510002.0,"{""250092031002"":4,""250251701007"":4,""250092054003"":4,""250277330001"":4,""250250510002"":4,""250173672005"":4,""250251601015"":4,""250250507003"":4,""250251707023"":4,""250173683005"":4,""250251606011"":4,""250251805001"":4,""250251704003"":4,""250250916001"":4,""250251708002"":4,""250092106001"":4,""250250511012"":4,""250092065003"":4,""250251606024"":4,""250250511011"":4}","{""250251708001"":5,""250251708002"":4,""250092106001"":4,""250092059002"":4,""250092071002"":4,""250250511011"":4,""250251202013"":4,""250250502001"":4,""250251705011"":4,""250250502004"":4,""250173672005"":4,""250250801001"":4,""250173544002"":4,""250092172022"":4,""250251704003"":4,""250250512002"":4,""250173501041"":4,""330150038013"":4,""250251606011"":4,""250173514044"":4,""250092031002"":4,""250250506002"":4,""250251606021"":4,""250250509011"":4,""250250501011"":4,""250251701002"":4,""250250510002"":4,""250092516001"":4,""250092055002"":4,""250173155006"":4,""250250511012"":4}","{""250092174004"":5,""250173424003"":4,""250250606001"":4,""250251708002"":4,""250092056001"":4,""250250820003"":4,""250250102042"":4}","{""US"":96}",3322.0,48.5,"{""<5"":3,""5-20"":23,""21-60"":54,""61-240"":40,"">240"":16}","{""Loyal Companion"":33,""A.C. Moore"":20}","{""Dunkin'"":52,""Market Basket"":45,""Stop & Shop"":25,""Planet Fitness"":25,""Target"":24,""Burger King"":22,""McDonald's"":21,""CVS"":21,""Subway"":21,""The Home Depot"":21,""BJ's Wholesale Club"":18,""Mobil"":16,""Speedway"":15,""Starbucks"":15,""Walgreens"":14,""sweetgreen"":14,""T.J. Maxx"":13,""Dollar Tree"":12,""IHOP"":11,""Simon mall"":11}","[10,8,9,10,12,12,11,9,10,12,14,15,23,22,20,23,23,29,35,22,18,19,12,11]","{""Monday"":19,""Tuesday"":17,""Wednesday"":16,""Thursday"":20,""Friday"":17,""Saturday"":21,""Sunday"":26}","{""android"":54,""ios"":44}"
32,1168,Cricket Wireless,2128.0,East Boston,cricket wireless,sg:b1c2002663fd4a9fb13b8734bb00bb2b,Cricket Wireless,82 Essex St,Boston,MA,2111,SG_BRAND_247184f5fcf8c0afea1291676dc6df8f,Cricket Wireless,2020-01-01T00:00:00-05:00,2020-02-01T00:00:00-05:00,92,51,"[1,7,1,1,1,6,3,8,5,8,2,7,2,1,5,2,3,1,4,2,2,4,3,3,0,0,4,2,0,0,4]",250250701018.0,"{""250173541004"":6,""420454088006"":5,""250173394001"":4,""250251606022"":4,""170310814011"":4,""250173547002"":4,""250173565006"":4,""250214061011"":4,""250173851001"":4}","{""250250701018"":8,""250214021014"":4,""250173541004"":4,""250250813001"":4,""131171305081"":4,""170310814011"":4,""250214023003"":4,""230310310003"":4}","{""250250701018"":7,""250251605021"":4,""250173536001"":4,""250250907004"":4}","{""US"":41}",12685.0,156.0,"{""<5"":0,""5-20"":11,""21-60"":6,""61-240"":43,"">240"":32}","{""McKinnons Market"":25,""Family Dollar Stores"":19,""Dunkin'"":14}","{""Dunkin'"":42,""sweetgreen"":23,""Simon mall"":23,""Stop & Shop"":21,""Starbucks"":17,""CVS"":17,""Speedway"":16,""Loyal Companion"":12,""Market Basket"":12,""BJ's Wholesale Club"":11,""B.GOOD"":10,""Pret A Manger"":10,""Mobil"":8,""Sunoco"":8,""T.J. Maxx"":8,""Ten Thousand Villages"":8,""Shake Shack"":8,""Shell Oil"":8,""DoubleTree by Hilton"":8,""Au Bon Pain"":8}","[7,5,6,3,3,3,5,19,25,32,43,48,46,46,41,27,22,15,5,3,4,4,4,5]","{""Monday"":14,""Tuesday"":8,""Wednesday"":18,""Thursday"":17,""Friday"":19,""Saturday"":4,""Sunday"":12}","{""android"":28,""ios"":20}"
33,1263,Ana's Beauty Salon,2128.0,East Boston,ana's beauty salon,sg:7af003320e4a41efa414a1f8a8678ccd,Ana's Beauty Salon,149 Bennington St,Boston,MA,2128,,,2020-01-01T00:00:00-05:00,2020-02-01T00:00:00-05:00,2,2,"[0,0,0,0,0,0,0,0,0,0,0,0,0,0,0,0,0,0,1,0,0,0,0,0,0,0,0,0,1,0,0]",250250507002.0,"{""250250501013"":4}","{""250250501013"":4}",{},"{""US"":4}",,384.0,"{""<5"":0,""5-20"":0,""21-60"":0,""61-240"":0,"">240"":2}",{},"{""Laser Quest"":50,""D'Angelo Sandwich Shops"":50,""Shaw's"":50,""Pearle Vision"":50,""Skechers"":50,""Market Basket"":50,""Chuck E. Cheese's"":50,""Burlington"":49,""BJ's Wholesale Club"":49,""Petco"":49,""Pizza Hut"":48,""Ross Stores"":48,""Simon mall"":48,""Dunkin'"":47,""CVS"":45,""Subway"":43,""McDonald's"":38}","[0,0,0,0,0,0,0,0,0,0,1,1,1,2,2,2,2,2,1,0,0,0,0,0]","{""Monday"":0,""Tuesday"":0,""Wednesday"":1,""Thursday"":0,""Friday"":0,""Saturday"":0,""Sunday"":1}","{""android"":0,""ios"":0}"
34,1376,The Kenmore,2215.0,Boston,the kenmore,sg:0cf6c6cd344146098ca93ae5ac155153,The Kenmore,476 Commonwealth Ave,Boston,MA,2215,,,2020-01-01T00:00:00-05:00,2020-02-01T00:00:00-05:00,144,84,"[4,1,2,8,1,5,2,5,3,2,1,3,7,4,5,3,6,8,5,3,2,5,7,7,2,2,10,7,9,9,6]",250250101043.0,"{""250250101042"":6,""250251701001"":4,""250173745004"":4,""250173531023"":4,""250250104032"":4,""250173701011"":4,""060371173022"":4,""250250510001"":4,""250173412003"":4,""250251801013"":4,""490451310011"":4,""250250006023"":4,""250092611021"":4,""250250101041"":4,""120860074002"":4,""250173840021"":4,""250251601014"":4,""250251703003"":4,""060378003271"":4}","{""250250102031"":4,""250250102043"":4,""250173531021"":4,""250251403005"":4,""230050021021"":4,""250214005001"":4,""250173426002"":4,""250214162003"":4,""250173531023"":4,""250250104032"":4,""250251703003"":4,""250250510001"":4,""250250907004"":4,""250173731004"":4,""250250701018"":4,""481677212021"":4,""250250401001"":4,""250250703001"":4}","{""250250102041"":4,""250250706001"":4,""250214172001"":4,""250250102043"":4}","{""US"":76}",8134.0,44.5,"{""<5"":3,""5-20"":42,""21-60"":38,""61-240"":25,"">240"":36}","{""Burger King"":33,""AC Hotel"":20,""Qdoba Mexican Grill"":12}","{""Dunkin'"":42,""Starbucks"":38,""sweetgreen"":34,""Qdoba Mexican Grill"":21,""McDonald's"":20,""Stop & Shop"":19,""Target"":16,""Speedway"":16,""CVS"":16,""Mobil"":15,""T.J. Maxx"":15,""7-Eleven"":14,""Whole Foods Market"":14,""Burger King"":14,""Walgreens"":14,""Market Basket"":13,""Shell Oil"":13,""Subway"":12,""Costco Wholesale Corp."":12,""Dollar Tree"":12}","[25,24,24,25,25,26,29,25,25,28,35,35,35,27,24,21,15,18,11,16,23,25,25,25]","{""Monday"":25,""Tuesday"":15,""Wednesday"":28,""Thursday"":23,""Friday"":23,""Saturday"":19,""Sunday"":11}","{""android"":51,""ios"":31}"
