,Business Name,Business Zip Code,Neighborhood,Unnamed: 0,Unnamed: 0.1,brands,bucketed_dwell_times,city,date_range_end,date_range_start,device_type,distance_from_home,location_name,median_dwell,name_lower,placekey,poi_cbg,popularity_by_day,popularity_by_hour,postal_code,raw_visit_counts,raw_visitor_counts,region,related_same_day_brand,related_same_month_brand,safegraph_brand_ids,safegraph_place_id,street_address,visitor_country_of_origin,visitor_daytime_cbgs,visitor_home_cbgs,visitor_work_cbgs,visits_by_day
0,Biddy Hair Salon,2128.0,East Boston,0.0,93.0,,"{""<5"":0,""5-20"":0,""21-60"":0,""61-240"":0,"">240"":1}",Boston,2020-10-01T00:00:00-04:00,2020-09-01T00:00:00-04:00,"{""android"":0,""ios"":0}",,Biddy Hair Salon,814.0,biddy hair salon,23j-222@62j-sj7-rhq,250250502001.0,"{""Monday"":0,""Tuesday"":0,""Wednesday"":1,""Thursday"":0,""Friday"":0,""Saturday"":0,""Sunday"":0}","[1,1,1,1,1,1,1,1,1,1,1,1,1,1,1,0,0,0,0,0,0,0,0,0]",2128.0,1.0,1.0,MA,{},"{""Crowne Plaza Hotels and Resorts"":100,""Fiesta Mart"":100,""Rutter's Farm Stores"":100,""24 Hour Fitness"":100,""Godfather's Pizza"":100,""TravelCenters of America"":100,""International Trucks"":99,""Papa John's"":99,""Denny's"":99,""CITGO"":99,""Love's Travel Stops and Country Stores"":99,""Planet Fitness"":99,""Chili's Grill & Bar"":99,""Pilot Flying J"":99,""QuikTrip"":99,""Chipotle Mexican Grill"":98,""Wendy's"":95,""Walgreens"":95,""The Home Depot"":95,""Subway"":95}",,sg:034a50053bbf4751b4f5de195c214e02,273 Meridian St,{},"{""482015414001"":4}","{""482015414001"":4}",{},"[0,0,0,0,0,0,0,0,1,0,0,0,0,0,0,0,0,0,0,0,0,0,0,0,0,0,0,0,0,0]"
1,buco trattoria,2210.0,South Boston Waterfront,1.0,162.0,,"{""<5"":0,""5-20"":13,""21-60"":10,""61-240"":13,"">240"":8}",Boston,2020-10-01T00:00:00-04:00,2020-09-01T00:00:00-04:00,"{""android"":10,""ios"":14}",21526.0,Buco Trattoria,53.5,buco trattoria,222-222@62j-shy-m8v,250250606001.0,"{""Monday"":4,""Tuesday"":5,""Wednesday"":14,""Thursday"":9,""Friday"":10,""Saturday"":1,""Sunday"":1}","[1,1,1,1,1,1,3,9,11,11,11,16,20,13,10,5,2,2,2,2,5,4,1,1]",2210.0,44.0,26.0,MA,"{""sweetgreen"":50}","{""Dunkin'"":43,""sweetgreen"":34,""The Home Depot"":33,""Mobil"":29,""Starbucks"":23,""McDonald's"":21,""Speedway"":21,""Target"":20,""Market Basket"":19,""Gulf Oil"":19,""Burger King"":19,""CVS"":19,""Cumberland Farms"":15,""Orangetheory Fitness"":15,""Planet Fitness"":14,""7-Eleven"":13,""Shell Oil"":13,""Stop & Shop"":11,""Staples"":11,""Lowe's"":11}",,sg:30606d85e3d64bb0b39eec1c60208a02,300 Summer St,"{""US"":24}","{""250173222001"":10,""330150650081"":4,""250173336006"":4,""250250702003"":4,""250250606001"":4,""250250603011"":4,""250251008006"":4,""250251101032"":4}","{""250010137002"":4,""250250901001"":4}",{},"[1,3,3,3,0,1,2,1,2,4,3,1,0,2,1,5,0,1,0,0,0,2,2,2,3,0,0,0,0,2]"
2,Chickadee,2210.0,South Boston Waterfront,2.0,202.0,,"{""<5"":5,""5-20"":39,""21-60"":46,""61-240"":37,"">240"":55}",Boston,2020-10-01T00:00:00-04:00,2020-09-01T00:00:00-04:00,"{""android"":27,""ios"":38}",22256.0,Chickadee,61.5,chickadee,zzw-222@62j-qnz-t7q,250259812021.0,"{""Monday"":18,""Tuesday"":38,""Wednesday"":54,""Thursday"":26,""Friday"":33,""Saturday"":7,""Sunday"":6}","[0,0,0,0,0,2,4,12,36,59,68,67,73,72,71,66,52,49,18,14,11,9,4,0]",2210.0,182.0,69.0,MA,"{""sweetgreen"":14,""Hilton Garden Inn"":14,""CrossFit"":12,""Comfort Inn"":11}","{""Dunkin'"":33,""sweetgreen"":27,""McDonald's"":24,""CrossFit"":21,""Starbucks"":20,""CVS"":20,""The Home Depot"":18,""Mobil"":17,""Chipotle Mexican Grill"":16,""Target"":15,""Market Basket"":14,""T.J. Maxx"":14,""Stop & Shop"":13,""Legal Sea Foods"":12,""Loyal Companion"":9,""Cumberland Farms"":8,""Whole Foods Market"":8,""Walgreens"":8,""Petco"":8,""Planet Fitness"":7}",,sg:6d82cc83e94f451f8967b528a668d940,21 Drydock Ave,"{""US"":66}","{""250259812021"":5,""250251105013"":4,""421010050001"":4,""250214003001"":4,""250250810011"":4,""250214177013"":4,""250173155005"":4,""250214171003"":4,""250056311003"":4,""080590109022"":4,""250092532042"":4,""060372117032"":4,""250092033022"":4}","{""170318252002"":5,""250214008002"":5,""360593006002"":4,""250092532051"":4,""250250506001"":4,""250214031001"":4,""250235051011"":4,""250092603012"":4,""250251104011"":4,""250214044003"":4,""250214091022"":4,""440010305003"":4,""250173662022"":4,""250173735001"":4,""250173155005"":4}",{},"[10,8,10,10,5,2,0,8,16,4,8,0,2,6,5,11,4,7,1,1,6,7,10,8,8,1,1,6,8,9]"
3,Covet,2127.0,South Boston,3.0,233.0,,"{""<5"":0,""5-20"":6,""21-60"":8,""61-240"":2,"">240"":2}",Boston,2020-10-01T00:00:00-04:00,2020-09-01T00:00:00-04:00,"{""android"":0,""ios"":21}",6430.0,Covet,32.5,covet,22c-222@62j-sjk-jjv,250250608003.0,"{""Monday"":1,""Tuesday"":2,""Wednesday"":2,""Thursday"":3,""Friday"":3,""Saturday"":4,""Sunday"":3}","[2,2,0,0,0,0,1,2,0,0,1,3,3,3,5,2,0,3,4,1,2,1,1,2]",2127.0,18.0,18.0,MA,"{""Boys & Girls Clubs of America"":100}","{""Dunkin'"":41,""Market Basket"":28,""Stop & Shop"":27,""Starbucks"":26,""Target"":21,""Kohl's"":20,""T.J. Maxx"":20,""sweetgreen"":17,""McDonald's"":14,""Burger King"":12,""CVS"":12,""Chick-fil-A"":11,""Subway"":11,""Btone Fitness"":11,""Regina Pizzeria"":11,""Bluestone Lane"":11,""Loyal Companion"":11,""Cumberland Farms"":11,""Edible Arrangements"":11,""Boys & Girls Clubs of America"":11}",,sg:e44fc887cac5495195d4b267e6955a13,391 W Broadway,"{""US"":17}","{""250214051003"":4,""250250608001"":4,""250250608003"":4,""250092211003"":4}","{""250250604003"":12,""250250608001"":5,""360610044008"":4,""250173412006"":4,""250214051003"":4,""250250907002"":4,""250173514032"":4}",{},"[2,0,1,2,0,0,0,0,0,1,0,2,0,0,0,1,1,0,1,2,1,0,1,0,1,1,1,0,0,0]"
4,Covet,2127.0,South Boston,4.0,233.0,,"{""<5"":0,""5-20"":6,""21-60"":1,""61-240"":0,"">240"":0}",Boston,2020-10-01T00:00:00-04:00,2020-09-01T00:00:00-04:00,"{""android"":4,""ios"":4}",11834.0,Covet,18.0,covet,237-223@62j-shx-pvz,250250201014.0,"{""Monday"":3,""Tuesday"":0,""Wednesday"":2,""Thursday"":0,""Friday"":1,""Saturday"":1,""Sunday"":0}","[0,0,0,0,0,0,0,0,0,1,2,3,1,1,0,1,0,1,0,0,0,0,0,0]",2114.0,7.0,7.0,MA,{},"{""Dunkin'"":68,""Mobil"":55,""Market Basket"":43,""T.J. Maxx"":41,""McDonald's"":29,""Element by Westin"":29,""American Family Care"":29,""The Learning Experience"":29,""Omni Hotels & Resorts"":29,""Columbia Sportswear"":29,""Papa Gino's"":29,""The Container Store"":29,""Irving Oil"":28,""Hannaford Supermarkets"":28,""Marshalls"":28,""Simon mall"":27,""Walgreens"":23,""Starbucks"":21,""Design Within Reach (DWR)"":14,""VERC"":14}",,sg:f4547dd11e2d4d1faa807b05ed0e94a2,109 Charles St,"{""US"":7}","{""250250202002"":4,""250251707024"":4,""250092544022"":4}","{""250251707024"":4}",{},"[0,0,0,0,0,0,2,0,0,0,0,0,0,0,0,0,0,0,0,0,0,0,1,0,1,1,0,1,0,1]"
5,Drydock Cafe,2210.0,South Boston,5.0,301.0,,"{""<5"":1,""5-20"":17,""21-60"":15,""61-240"":27,"">240"":64}",Boston,2020-10-01T00:00:00-04:00,2020-09-01T00:00:00-04:00,"{""android"":22,""ios"":15}",20767.0,Drydock Cafe,254.5,drydock cafe,223-222@62j-shz-k4v,250259812021.0,"{""Monday"":16,""Tuesday"":22,""Wednesday"":24,""Thursday"":25,""Friday"":27,""Saturday"":8,""Sunday"":2}","[1,1,0,7,11,16,20,38,68,74,74,73,75,61,50,35,28,20,6,5,2,0,0,0]",2210.0,124.0,37.0,MA,"{""Dunkin'"":24,""UNFI (United Natural Foods)"":17,""sweetgreen"":17,""Neiman Marcus"":12}","{""Dunkin'"":48,""Mobil"":25,""Starbucks"":22,""Sunoco"":22,""CVS"":20,""McDonald's"":19,""Stop & Shop"":19,""Pilot Flying J"":18,""Walgreens"":14,""Loyal Companion"":13,""BP"":13,""Burger King"":12,""Speedway"":11,""The Home Depot"":11,""Ocean State Job Lot"":11,""BJ's Wholesale Club"":10,""Denny's"":10,""Love's Travel Stops and Country Stores"":10,""Shell Oil"":10,""Target"":9}",,sg:5127581f66df4a8c8eac090669e06335,7 Drydock Ave,"{""US"":33}","{""250259812021"":6,""250250902003"":6,""250250916002"":4,""121113808001"":4,""250214033003"":4}","{""170318025053"":4,""250250904002"":4,""250214201004"":4,""250214033003"":4,""250250605013"":4,""250214203021"":4,""170317608011"":4}",{},"[5,4,8,5,1,1,1,5,5,3,7,4,0,5,4,4,9,10,3,0,5,4,6,5,5,0,1,5,4,5]"
6,Eagle Hill Cafe,2128.0,East Boston,6.0,303.0,,"{""<5"":13,""5-20"":105,""21-60"":65,""61-240"":90,"">240"":79}",Boston,2020-10-01T00:00:00-04:00,2020-09-01T00:00:00-04:00,"{""android"":89,""ios"":59}",1285.0,Eagle Hill Cafe,53.5,eagle hill cafe,zzy-222@62j-sj7-tvz,250250501013.0,"{""Monday"":47,""Tuesday"":50,""Wednesday"":66,""Thursday"":42,""Friday"":45,""Saturday"":54,""Sunday"":48}","[45,42,45,46,46,46,57,55,54,59,68,84,85,80,73,66,72,68,65,51,52,53,42,44]",2128.0,352.0,144.0,MA,"{""Wendy's"":24,""Dunkin'"":24,""Honda"":17,""Speedway"":12,""Expressions Shoes "":10,""Ocean State Job Lot"":9,""CVS"":8,""T.J. Maxx"":6,""BP"":6}","{""Dunkin'"":33,""Shaw's"":26,""Market Basket"":26,""Mobil"":20,""7-Eleven"":17,""Burger King"":16,""McDonald's"":14,""CVS"":14,""Starbucks"":13,""Simon mall"":13,""Target"":13,""The Home Depot"":12,""BJ's Wholesale Club"":11,""Wendy's"":11,""Pollo Campero"":9,""Expressions Shoes "":8,""Speedway"":8,""Dollar Tree"":8,""Dick's Sporting Goods"":8,""Stop & Shop"":8}",,sg:42f881d1a5b34823977df97bd5656cc4,1 Marion St,"{""US"":125}","{""250250501011"":13,""250250502001"":9,""250250501013"":8,""250251606011"":5,""250250509012"":5,""250214141003"":4,""250250501012"":4,""250251606021"":4,""250251707022"":4,""250173422021"":4,""250251606025"":4,""250251204002"":4,""250173421014"":4,""250251708002"":4,""250173515001"":4,""250235011013"":4,""250250608001"":4,""250250804011"":4,""250251601014"":4,""250250509013"":4}","{""250250501011"":21,""250250501012"":7,""250250501013"":6,""250250502001"":6,""250250509013"":6,""250251606025"":4,""250251204002"":4,""250251602003"":4,""250250505001"":4,""250173421014"":4,""250277330001"":4,""250173425003"":4,""121150010002"":4,""250173822004"":4,""250250506002"":4,""250250507003"":4,""250250503001"":4,""250251605021"":4,""250250509011"":4,""360650212012"":4,""250251707022"":4,""250251010011"":4,""250251708002"":4,""250251606011"":4,""250250804011"":4}",{},"[5,14,15,11,18,13,13,13,17,10,10,10,14,11,9,13,9,7,10,9,8,15,10,8,17,16,12,15,8,12]"
7,East side hair salon,2128.0,South Boston,7.0,304.0,,"{""<5"":6,""5-20"":49,""21-60"":56,""61-240"":90,"">240"":94}",Boston,2020-10-01T00:00:00-04:00,2020-09-01T00:00:00-04:00,"{""android"":26,""ios"":61}",9079.0,East Side Hair Salon,106.0,east side hair salon,24z-222@62j-sjk-v75,250250601013.0,"{""Monday"":33,""Tuesday"":53,""Wednesday"":38,""Thursday"":41,""Friday"":36,""Saturday"":46,""Sunday"":48}","[62,59,57,58,61,58,64,66,69,72,66,65,70,73,68,72,69,68,68,61,64,83,72,64]",2127.0,295.0,85.0,MA,"{""7-Eleven"":24,""Market Basket"":12,""C2 Pilates"":10}","{""Dunkin'"":33,""Stop & Shop"":25,""CVS"":17,""Walgreens"":14,""Speedway"":12,""Market Basket"":12,""The Home Depot"":11,""Loyal Companion"":11,""Dollar Tree"":10,""7-Eleven"":10,""sweetgreen"":9,""Starbucks"":8,""Cumberland Farms"":8,""Chipotle Mexican Grill"":8,""BJ's Wholesale Club"":8,""Target"":7,""T.J. Maxx"":7,""Ocean State Job Lot"":7,""McDonald's"":7,""Shell Oil"":6}",,sg:f41aa1df974a479c9c51153f03cc9b3c,92 P St,"{""US"":73}","{""440070117021"":6,""340030351004"":5,""250250907002"":5,""250250601012"":5,""250235201002"":4,""250214196002"":4,""250250605014"":4,""250235261001"":4,""250250601013"":4,""250214104002"":4,""250214221003"":4,""250235308011"":4}","{""250250601013"":7,""250250601011"":5,""250072002004"":4,""250214196002"":4,""250250602002"":4,""250235105031"":4,""250173417003"":4,""250250605015"":4,""250259812021"":4,""250250605014"":4,""250251006012"":4,""250250604005"":4,""250214227001"":4,""250250603013"":4,""250173501044"":4,""250251008005"":4}",{},"[11,5,15,10,12,13,14,17,9,11,7,7,8,9,11,9,9,5,17,8,3,4,10,6,14,10,19,7,10,5]"
8,East Side Yoga and Fitness,2127.0,South Boston,8.0,305.0,,"{""<5"":3,""5-20"":28,""21-60"":52,""61-240"":59,"">240"":17}",Boston,2020-10-01T00:00:00-04:00,2020-09-01T00:00:00-04:00,"{""android"":24,""ios"":60}",1313.0,East Side Yoga and Fitness,58.0,east side yoga and fitness,23f-222@62j-sjk-j7q,250250605012.0,"{""Monday"":23,""Tuesday"":24,""Wednesday"":21,""Thursday"":28,""Friday"":13,""Saturday"":25,""Sunday"":25}","[13,11,8,8,8,15,22,15,14,13,17,20,18,19,29,35,32,25,21,15,34,45,38,10]",2127.0,159.0,83.0,MA,"{""Walmart"":17,""Planet Fitness"":12}","{""Dunkin'"":13,""Stop & Shop"":9,""Loyal Companion"":6,""Market Basket"":6,""Party City"":5}",,sg:972439a20287446da346134e01550083,584 E Broadway,"{""US"":55}","{""250250604005"":7,""250251008004"":5,""250250502002"":4,""250251706011"":4,""250250604001"":4,""250250711011"":4,""250250608002"":4,""250250612001"":4,""250250703002"":4,""250250610001"":4,""250250401002"":4}","{""250250605012"":11,""250250907001"":4,""250250401002"":4,""250250604005"":4,""250250605014"":4,""250251008004"":4,""250173587002"":4,""250173421023"":4,""250250608002"":4}",{},"[6,3,9,2,4,4,2,4,6,9,8,10,5,7,5,5,4,2,3,9,6,3,3,6,1,8,7,8,6,4]"
9,Gray's Hall,2127.0,South Boston,9.0,382.0,,"{""<5"":0,""5-20"":1,""21-60"":0,""61-240"":2,"">240"":15}",Boston,2020-10-01T00:00:00-04:00,2020-09-01T00:00:00-04:00,"{""android"":4,""ios"":6}",3757.0,Gray's Hall,862.5,gray's hall,243-223@62j-sjk-j35,250250603013.0,"{""Monday"":4,""Tuesday"":4,""Wednesday"":1,""Thursday"":1,""Friday"":1,""Saturday"":4,""Sunday"":3}","[14,14,14,14,14,15,15,14,14,14,11,9,7,7,6,6,6,6,2,0,8,10,11,14]",2127.0,18.0,12.0,MA,"{""Planet Fitness"":100}","{""Stop & Shop"":25,""Planet Fitness"":24,""Tesla Motors"":16,""T.J. Maxx"":15,""Walmart"":15,""Starbucks"":9,""Earls Restaurants"":8,""Ocean Prime"":8,""Chart House"":8,""Santander Bank"":8,""Unleashed by Petco"":8,""Bob's Discount Furniture"":8,""Sephora"":8,""Kay Jewelers"":8,""FedEx"":8,""Crunch"":8,""DoubleTree by Hilton"":8,""TGI Fridays"":8,""YMCA"":8,""Courtyard by Marriott"":8}",,sg:ce3691f6179f43dd8183a44eafb5cf82,615 E Broadway,"{""US"":8}","{""250250605012"":4}","{""250214182004"":4,""250250918001"":4,""250250603013"":4}",{},"[1,0,0,0,2,0,1,1,1,1,0,0,1,1,0,0,0,0,1,2,1,1,0,0,1,1,0,1,1,0]"
10,House of Nails,2128.0,East Boston,10.0,428.0,,"{""<5"":1,""5-20"":11,""21-60"":1,""61-240"":1,"">240"":0}",Boston,2020-10-01T00:00:00-04:00,2020-09-01T00:00:00-04:00,"{""android"":5,""ios"":4}",3002.0,House of Nails,7.5,house of nails,23n-222@62j-syg-xh5,250250511011.0,"{""Monday"":4,""Tuesday"":5,""Wednesday"":3,""Thursday"":0,""Friday"":0,""Saturday"":1,""Sunday"":1}","[0,0,0,0,0,4,3,1,0,0,1,0,0,1,2,0,1,1,1,0,1,1,0,0]",2128.0,14.0,12.0,MA,"{""Starbucks"":48}","{""Dunkin'"":55,""Starbucks"":43,""Stop & Shop"":25,""Marshalls"":24,""Walmart"":23,""Burger King"":21,""CVS"":21,""Dollar Tree"":20,""Shaw's"":17,""YMCA"":16,""Burlington"":16,""Toyota"":16,""BJ's Wholesale Club"":16,""Mobil"":15,""Target"":10,""Boston Sports Clubs"":8,""Primark Stores EU"":8,""avid hotels"":8,""Fidelity"":8,""MidiCi Neopolitan Pizza"":8}",,sg:acceb69f66bb485d94d63dbdbb3f77aa,1020 Bennington St,"{""US"":10}","{""250251708002"":4,""250250503001"":4}","{""250250510001"":4,""250250511012"":4}",{},"[2,0,0,0,0,0,0,1,1,0,0,1,1,0,1,2,0,0,0,0,2,1,0,0,0,0,0,2,0,0]"
11,L Street Tavern,2127.0,South Boston,11.0,518.0,,"{""<5"":1,""5-20"":23,""21-60"":12,""61-240"":15,"">240"":35}",Boston,2020-10-01T00:00:00-04:00,2020-09-01T00:00:00-04:00,"{""android"":14,""ios"":28}",10401.0,L Street Tavern,95.5,l street tavern,zzw-222@62j-sjk-26k,250250603012.0,"{""Monday"":14,""Tuesday"":11,""Wednesday"":13,""Thursday"":11,""Friday"":14,""Saturday"":6,""Sunday"":17}","[28,28,28,29,29,29,29,30,31,31,34,35,31,29,26,25,19,20,11,11,16,20,24,27]",2127.0,86.0,42.0,MA,"{""Starbucks"":98}","{""Dunkin'"":37,""Starbucks"":19,""Cumberland Farms"":16,""Loyal Companion"":14,""Mobil"":12,""Staples"":11,""Chipotle Mexican Grill"":10,""GameStop"":10,""Shell Oil"":10,""Speedway"":10,""Legal Sea Foods"":10,""Simon mall"":8,""Target"":8,""Burger King"":7,""7-Eleven"":7,""Regina Pizzeria"":7,""Dollar Tree"":7,""Stop & Shop"":7,""Marshalls"":6,""Subway"":6}",,sg:a6c088cb5fe8415e9ee3821993efb284,195 L St,"{""US"":33}","{""250173241023"":4,""250277411024"":4,""250250604003"":4,""250250601011"":4}","{""250158214003"":4,""250250603012"":4,""250251102011"":4,""250173840021"":4,""250250604003"":4,""250173501031"":4}",{},"[2,1,2,1,1,3,3,3,3,6,4,3,6,4,1,1,1,6,1,1,3,2,4,2,3,1,7,4,3,4]"
12,L Street Tavern,2127.0,South Boston,12.0,518.0,,"{""<5"":1,""5-20"":15,""21-60"":26,""61-240"":31,"">240"":28}",Boston,2020-10-01T00:00:00-04:00,2020-09-01T00:00:00-04:00,"{""android"":10,""ios"":43}",2204.0,L Street Tavern,91.0,l street tavern,283-222@62j-sjk-26k,250250603012.0,"{""Monday"":7,""Tuesday"":9,""Wednesday"":18,""Thursday"":21,""Friday"":14,""Saturday"":19,""Sunday"":13}","[19,18,17,19,19,19,20,22,24,24,22,25,24,26,21,22,18,22,28,21,20,26,28,25]",2127.0,101.0,55.0,MA,"{""Starbucks"":48}","{""Dunkin'"":27,""Stop & Shop"":18,""Starbucks"":13,""BJ's Wholesale Club"":10,""Target"":10,""Chipotle Mexican Grill"":9,""Loyal Companion"":9,""Mobil"":9,""Boys & Girls Clubs of America"":9,""Shell Oil"":8,""Planet Fitness"":8,""Trader Joe's"":7,""Staples"":6,""Panera Bread"":6,""Legal Sea Foods"":5,""Sunoco"":5,""Market Basket"":5,""Hyatt Place"":5,""T.J. Maxx"":5,""7-Eleven"":5}",,sg:d964324e5ab344999abfe34f131112bf,658A E 8th St,"{""US"":43}","{""210150704023"":6,""250214111005"":4,""250259812021"":4,""250214023003"":4,""250251803014"":4,""250250603011"":4,""250250604003"":4,""250173415003"":4}","{""090034771013"":4,""250250601011"":4,""250250605014"":4,""250214173001"":4,""250235001041"":4,""250173415003"":4,""060730170472"":4,""250250604003"":4,""250250602002"":4,""250214227004"":4,""250250602001"":4}",{},"[0,5,2,1,2,2,4,4,5,5,4,9,3,1,1,2,10,4,5,5,1,3,4,4,5,3,3,1,1,2]"
13,Little Asia Restaurant,2128.0,East Boston,13.0,556.0,,"{""<5"":3,""5-20"":40,""21-60"":32,""61-240"":31,"">240"":28}",Boston,2020-10-01T00:00:00-04:00,2020-09-01T00:00:00-04:00,"{""android"":35,""ios"":31}",2360.0,Little Asia Restaurant,42.5,little asia restaurant,234-222@62j-syg-v4v,250250511011.0,"{""Monday"":11,""Tuesday"":15,""Wednesday"":26,""Thursday"":20,""Friday"":18,""Saturday"":28,""Sunday"":16}","[14,14,14,14,14,14,13,15,14,17,18,18,19,19,24,29,33,27,32,30,21,21,20,13]",2128.0,134.0,68.0,MA,"{""Blue Bottle Coffee"":17,""Dodge"":16,""CVS"":16,""Five Below"":12}","{""Dunkin'"":47,""CVS"":34,""Stop & Shop"":29,""Mobil"":27,""Starbucks"":22,""Target"":21,""Market Basket"":20,""Dollar Tree"":16,""Shaw's"":13,""McDonald's"":13,""BJ's Wholesale Club"":13,""The Home Depot"":12,""Subway"":12,""Five Below"":12,""Wendy's"":11,""7-Eleven"":11,""Marshalls"":11,""Simon mall"":10,""Planet Fitness"":9,""Sunoco"":8}",,sg:c6815256d0c348ac84c9da5467e88b7c,991 Bennington St,"{""US"":60}","{""250173419025"":5,""250250510001"":5,""440070124021"":4,""330110010003"":4,""250251802004"":4,""250251802001"":4,""250251708001"":4,""250251106072"":4,""250251802002"":4,""250214176023"":4,""250250502004"":4,""131350507184"":4,""250251601013"":4,""250173505001"":4,""250250511013"":4,""250173412005"":4,""250173391004"":4}","{""250250502004"":6,""250251802004"":4,""250251805003"":4,""250250510001"":4,""250251802001"":4,""250250503002"":4,""250251802002"":4,""250251708001"":4,""250250511011"":4,""250250501013"":4}",{},"[2,10,4,11,7,6,3,6,4,5,3,12,1,4,4,3,3,2,5,6,3,2,7,8,2,4,3,1,1,2]"
14,los arrieros,2128.0,East Boston,14.0,573.0,,"{""<5"":4,""5-20"":72,""21-60"":24,""61-240"":55,"">240"":30}",Boston,2020-10-01T00:00:00-04:00,2020-09-01T00:00:00-04:00,"{""android"":68,""ios"":26}",3173.0,Los Arrieros,36.0,los arrieros,24t-222@62j-sj6-n89,250250506002.0,"{""Monday"":15,""Tuesday"":31,""Wednesday"":31,""Thursday"":22,""Friday"":36,""Saturday"":28,""Sunday"":22}","[16,10,6,5,4,4,7,10,17,31,33,36,37,40,33,37,40,41,35,25,26,29,34,31]",2128.0,185.0,95.0,MA,"{""99 Restaurants"":25,""Cumberland Farms"":25,""Pollo Campero"":20,""Dunkin'"":19,""Subway"":13,""Speedway"":12}","{""Dunkin'"":39,""Burger King"":27,""Market Basket"":23,""Shaw's"":21,""The Home Depot"":19,""Mobil"":18,""BJ's Wholesale Club"":16,""CVS"":16,""Target"":14,""Starbucks"":14,""Walgreens"":12,""Subway"":11,""Marshalls"":11,""Stop & Shop"":10,""Sunoco"":10,""7-Eleven"":9,""Simon mall"":9,""T.J. Maxx"":8,""Pollo Campero"":8,""Speedway"":8}",,sg:7df46480c68645d0b9333d4fbd3691f9,13 Meridian St,"{""US"":89}","{""250250503001"":7,""250173302001"":7,""250250501011"":5,""250251706011"":4,""250251707022"":4,""250250507002"":4,""250173682004"":4,""250250506002"":4,""250251803013"":4,""250173413002"":4,""250250504001"":4,""250251701004"":4,""250250702003"":4,""250250001001"":4,""250214003003"":4,""250250510003"":4,""250251604001"":4}","{""250250501013"":4,""250250504002"":4,""250092021023"":4,""250251706011"":4,""250251701001"":4,""250251707011"":4,""250250512002"":4,""250250506001"":4,""250250507001"":4,""250173840022"":4,""250250502001"":4,""250250510001"":4,""250250511011"":4,""250250503001"":4,""250173528002"":4,""250251707022"":4,""250251604002"":4,""250250509011"":4,""250250509012"":4}",{},"[6,6,6,7,10,3,3,4,9,10,9,4,7,2,12,5,3,13,7,4,3,3,5,3,7,7,8,7,6,6]"
15,Mi Pueblito Restaurant,2128.0,East Boston,15.0,627.0,,"{""<5"":4,""5-20"":73,""21-60"":73,""61-240"":82,"">240"":74}",Boston,2020-10-01T00:00:00-04:00,2020-09-01T00:00:00-04:00,"{""android"":70,""ios"":86}",5368.0,Mi Pueblito Restaurant,63.0,mi pueblito restaurant,22r-222@62j-sj5-djv,250250501012.0,"{""Monday"":31,""Tuesday"":50,""Wednesday"":47,""Thursday"":49,""Friday"":37,""Saturday"":42,""Sunday"":50}","[53,52,55,54,54,54,60,65,62,61,61,68,77,69,63,46,55,75,67,49,55,56,51,49]",2128.0,306.0,154.0,MA,"{""Party City"":14,""Ford Motor Company"":14,""PetSmart"":14,""Hard Rock Cafe"":10,""Wendy's"":9,""Nautica"":9,""Ocean State Job Lot"":9,""Dunkin'"":9}","{""Dunkin'"":34,""McDonald's"":28,""Market Basket"":27,""Mobil"":21,""CVS"":20,""Burger King"":19,""Shaw's"":18,""Target"":17,""Simon mall"":16,""The Home Depot"":15,""Stop & Shop"":15,""Wendy's"":14,""Starbucks"":13,""7-Eleven"":11,""Planet Fitness"":10,""Speedway"":10,""BJ's Wholesale Club"":10,""Walmart"":9,""Party City"":8,""Walgreens"":8}",,sg:d0c7f69ce6eb487c95cba4e7d271f5ec,333 Border St,"{""US"":128}","{""250250501013"":9,""250173502001"":6,""250250501012"":5,""250250502001"":4,""250092081024"":4,""250214192002"":4,""250092103003"":4,""250250001001"":4,""250250408012"":4,""330110021003"":4,""250251707024"":4,""250251601015"":4,""250173703005"":4,""440070012001"":4,""250173573002"":4,""250173422012"":4,""440070109002"":4,""250173823001"":4,""250173421011"":4,""250250509011"":4,""250235113015"":4,""250235108006"":4,""250214131005"":4,""130630405143"":4,""250250201012"":4,""250250502002"":4}","{""250250501012"":7,""250250502001"":6,""250173421012"":5,""250250501013"":5,""250173422012"":4,""250250510002"":4,""250092061002"":4,""250173703005"":4,""250173573002"":4,""250251602003"":4,""250251606025"":4,""250173502001"":4,""250250509011"":4,""360593042023"":4,""250250607001"":4,""250173512042"":4,""250173513001"":4,""440070012001"":4,""250251704003"":4,""250250507003"":4,""250251601015"":4,""250251704004"":4,""250250503001"":4,""120990076071"":4,""250250507001"":4,""250250510001"":4,""360810339003"":4,""250092103003"":4,""250214152002"":4,""250235302003"":4,""250092081024"":4,""250092059003"":4}",{},"[11,8,12,14,12,14,8,13,8,12,6,9,14,7,3,8,12,10,13,13,8,12,15,13,7,8,9,8,11,8]"
16,Minas Beauty Salon,2128.0,East Boston,16.0,636.0,,"{""<5"":1,""5-20"":27,""21-60"":12,""61-240"":23,"">240"":23}",Boston,2020-10-01T00:00:00-04:00,2020-09-01T00:00:00-04:00,"{""android"":18,""ios"":19}",4451.0,Minas Beauty Salon,76.0,minas beauty salon,234-222@62j-sj7-qpv,250250507001.0,"{""Monday"":5,""Tuesday"":7,""Wednesday"":15,""Thursday"":14,""Friday"":16,""Saturday"":21,""Sunday"":8}","[9,5,6,6,7,5,9,11,12,18,28,28,29,21,23,25,24,20,12,11,8,7,9,10]",2128.0,86.0,43.0,MA,"{""Sunoco"":33,""Chili's Grill & Bar"":25}","{""Dunkin'"":36,""Market Basket"":23,""Mobil"":19,""Burger King"":14,""CVS"":14,""Cumberland Farms"":14,""Starbucks"":14,""Stop & Shop"":14,""McDonald's"":12,""Expressions Shoes "":12,""Shaw's"":12,""Walgreens"":11,""BJ's Wholesale Club"":11,""The Home Depot"":11,""Planet Fitness"":10,""Sunoco"":10,""7-Eleven"":9,""The Salvation Army"":9,""YMCA"":9,""Family Dollar Stores"":9}",,sg:4315e447882247319475c3af87808d21,154 Chelsea St,"{""US"":34}","{""250250510002"":5,""250250813003"":4,""250092083002"":4,""250250810011"":4,""250173124002"":4,""250250806013"":4,""250250507003"":4}","{""250250507001"":5,""250092083002"":4,""250250507003"":4,""250251601015"":4,""250250813003"":4,""250214131001"":4,""250251403005"":4,""250092052004"":4}",{},"[3,5,6,3,7,3,2,0,0,1,4,5,2,1,0,3,3,5,7,1,0,1,4,4,4,2,2,2,3,3]"
17,Moonshine 152,2127.0,South Boston,17.0,650.0,,"{""<5"":11,""5-20"":71,""21-60"":41,""61-240"":31,"">240"":50}",Boston,2020-10-01T00:00:00-04:00,2020-09-01T00:00:00-04:00,"{""android"":56,""ios"":57}",15741.0,Moonshine 152,31.5,moonshine 152,24h-222@62j-shz-6tv,250250612001.0,"{""Monday"":21,""Tuesday"":42,""Wednesday"":38,""Thursday"":29,""Friday"":35,""Saturday"":17,""Sunday"":22}","[19,19,18,17,21,23,24,32,44,51,53,62,60,47,50,34,24,22,16,13,22,21,23,22]",2127.0,204.0,109.0,MA,"{""sweetgreen"":17,""Dollar Tree"":12,""Hilton International"":11}","{""Dunkin'"":43,""Mobil"":23,""Stop & Shop"":21,""CVS"":20,""Market Basket"":17,""The Home Depot"":17,""Starbucks"":16,""sweetgreen"":15,""Cumberland Farms"":14,""Burger King"":14,""McDonald's"":13,""Chipotle Mexican Grill"":13,""Loyal Companion"":13,""Shaw's"":13,""Shell Oil"":13,""Speedway"":13,""Subway"":12,""Sunoco"":12,""Target"":12,""Planet Fitness"":11}",,sg:16307943b6474c5f83709c0d898ca35b,152 Dorchester Ave,"{""US"":96}","{""250214035001"":5,""250251404007"":5,""250214203011"":5,""330151021001"":4,""250250612001"":4,""250250605011"":4,""250251401024"":4,""250251402022"":4,""250251008006"":4,""250214202023"":4,""250251402024"":4,""250250810011"":4,""250235102001"":4,""250173821003"":4,""250251010022"":4,""250059855001"":4,""250250701012"":4,""250173531022"":4,""131050005002"":4,""250056122003"":4,""250173738003"":4,""250250608002"":4,""250251605022"":4,""250235102004"":4,""250235061023"":4,""250250924005"":4,""500259673001"":4}","{""250092064003"":5,""250056313003"":5,""250235081023"":5,""250214176014"":4,""250251402022"":4,""250214202023"":4,""250250924005"":4,""250250920002"":4,""250235401032"":4,""250173391001"":4,""250173419026"":4,""250251001001"":4,""250250820002"":4,""250173834001"":4,""120860098061"":4,""250250507003"":4,""250277503001"":4,""330151021001"":4,""250235306003"":4,""250250605012"":4}",{},"[12,1,4,7,3,8,2,5,11,11,8,7,8,5,7,9,8,10,5,2,9,8,9,6,10,2,4,5,10,8]"
18,Napoles Restaurant,2128.0,East Boston,18.0,674.0,,"{""<5"":5,""5-20"":45,""21-60"":29,""61-240"":65,"">240"":29}",Boston,2020-10-01T00:00:00-04:00,2020-09-01T00:00:00-04:00,"{""android"":48,""ios"":30}",3651.0,Napoles Restaurant,84.0,napoles restaurant,zzw-223@62j-syc-9fz,250250511014.0,"{""Monday"":22,""Tuesday"":30,""Wednesday"":32,""Thursday"":27,""Friday"":31,""Saturday"":20,""Sunday"":11}","[11,8,6,8,6,10,10,33,46,42,39,28,29,46,46,38,38,20,13,14,14,15,13,13]",2128.0,173.0,78.0,MA,"{""Pet Supplies Plus"":25,""avid hotels"":20,""Dunkin'"":16}","{""Dunkin'"":41,""Market Basket"":29,""Stop & Shop"":29,""CVS"":25,""Mobil"":25,""Dollar Tree"":21,""Planet Fitness"":14,""Target"":14,""Sunoco"":13,""Starbucks"":13,""The Home Depot"":13,""McDonald's"":12,""BJ's Wholesale Club"":12,""7-Eleven"":12,""Shaw's"":11,""Burger King"":11,""CrossFit"":11,""Taco Bell"":9,""Walgreens"":9,""Subway"":9}",,sg:2eb4e2d5d8b34af0a9ac037ccc52d1d9,1233 Bennington St,"{""US"":68}","{""250250511014"":5,""250250509011"":4,""250251702004"":4,""250092081014"":4,""250251708002"":4,""250173541002"":4,""250250612001"":4,""250250511012"":4,""250251705022"":4,""250250502002"":4,""250251707023"":4,""250173426003"":4,""250251605011"":4,""250214182004"":4,""250251707012"":4,""250250303002"":4,""250251803014"":4,""250251708001"":4}","{""250250511012"":7,""250173426003"":4,""090093526002"":4,""250092068002"":4,""250251605011"":4,""250214182004"":4,""250250504001"":4,""250251707012"":4,""250250510002"":4,""250250511011"":4,""250250511014"":4}",{},"[10,8,3,9,6,1,2,2,8,10,8,7,2,8,4,7,8,5,4,4,3,8,4,6,9,3,4,9,6,5]"
19,Paris Creperie Seaport,2210.0,South Boston Waterfront,19.0,717.0,,"{""<5"":0,""5-20"":19,""21-60"":13,""61-240"":17,"">240"":5}",Boston,2020-10-01T00:00:00-04:00,2020-09-01T00:00:00-04:00,"{""android"":12,""ios"":28}",17898.0,Paris Creperie Seaport,41.0,paris creperie seaport,22w-222@62j-shy-pvz,250250606001.0,"{""Monday"":3,""Tuesday"":6,""Wednesday"":9,""Thursday"":5,""Friday"":8,""Saturday"":14,""Sunday"":9}","[6,6,6,5,5,6,5,5,5,6,8,7,5,5,4,9,11,11,6,3,15,13,12,6]",2210.0,54.0,45.0,MA,"{""United States Postal Service (USPS)"":49,""Shake Shack"":33}","{""sweetgreen"":27,""Starbucks"":26,""Dunkin'"":25,""CVS"":20,""Stop & Shop"":20,""BJ's Wholesale Club"":15,""Target"":13,""Market Basket"":13,""Equinox Fitness Clubs"":11,""Loyal Companion"":11,""Shake Shack"":11,""Trader Joe's"":11,""Walgreens"":10,""The Home Depot"":10,""Chipotle Mexican Grill"":10,""GameStop"":9,""Wagamama"":9,""Legal Sea Foods"":9,""honeygrow"":9,""Chart House"":9}",,sg:17a903cd97774b12976f46f9f26687a3,60 Seaport Blvd,"{""US"":43}","{""250250606001"":5,""250173631022"":4,""250250303001"":4,""250214143001"":4,""250092543011"":4,""440070026003"":4,""250173735004"":4,""250214561021"":4,""250214421023"":4,""250250612001"":4,""250250701011"":4,""250173703002"":4,""250173394002"":4}","{""230050025025"":4,""250173703002"":4,""250173735004"":4,""250214561021"":4,""250250701011"":4,""250251205002"":4,""250214421023"":4,""250251803013"":4,""250250303001"":4,""060590626392"":4,""250173353022"":4,""440070174003"":4}",{},"[4,1,3,4,2,1,0,0,3,0,0,4,1,1,1,2,1,2,3,4,2,0,1,1,2,5,3,0,1,2]"
20,POLLOS A LA BRASA BETOS,2128.0,East Boston,20.0,746.0,,"{""<5"":2,""5-20"":44,""21-60"":23,""61-240"":21,"">240"":24}",Boston,2020-10-01T00:00:00-04:00,2020-09-01T00:00:00-04:00,"{""android"":44,""ios"":30}",3180.0,Pollos A La Brasa Betos,33.0,pollos a la brasa betos,22k-222@62j-sj7-s3q,250250507001.0,"{""Monday"":16,""Tuesday"":22,""Wednesday"":20,""Thursday"":10,""Friday"":9,""Saturday"":19,""Sunday"":18}","[14,13,11,12,11,11,12,12,17,20,19,23,22,27,26,29,31,25,23,21,15,16,13,14]",2128.0,114.0,72.0,MA,"{""United States Postal Service (USPS)"":33}","{""Dunkin'"":35,""Shaw's"":22,""Market Basket"":17,""Mobil"":16,""Walgreens"":14,""The Home Depot"":14,""BJ's Wholesale Club"":13,""7-Eleven"":13,""McDonald's"":13,""Subway"":13,""Burger King"":12,""Stop & Shop"":12,""Starbucks"":11,""Gulf Oil"":11,""Pollo Campero"":10,""sweetgreen"":8,""Marshalls"":8,""Dollar Tree"":7,""AutoZone"":7,""Wendy's"":6}",,sg:fd403b9a282b42319fb3f7e48f986708,69 Bennington St,"{""US"":59}","{""250251606011"":4,""250250502001"":4,""250250203032"":4,""250250507001"":4,""250173311022"":4,""250173364021"":4,""250251707012"":4,""250250505001"":4,""170311506003"":4,""250214012002"":4,""250250501013"":4,""250173826012"":4}","{""250251708001"":5,""250250501013"":5,""250173685002"":4,""250250509011"":4,""250173831012"":4,""330110006001"":4,""250250505001"":4,""250250501011"":4,""250250504002"":4,""250251701007"":4,""250251707023"":4,""250173424004"":4,""330150560001"":4,""250250502001"":4,""250214001003"":4,""250251707012"":4,""250250511011"":4}",{},"[5,6,0,1,4,4,1,2,2,5,3,4,3,8,2,4,1,3,5,4,1,4,5,4,2,6,7,6,9,3]"
21,Southie's Own,2127.0,South Boston,21.0,864.0,,"{""<5"":2,""5-20"":29,""21-60"":15,""61-240"":23,"">240"":33}",Boston,2020-10-01T00:00:00-04:00,2020-09-01T00:00:00-04:00,"{""android"":18,""ios"":22}",4913.0,Southie's Own,79.5,southie's own,23c-222@62j-sjk-jjv,250250606001.0,"{""Monday"":12,""Tuesday"":12,""Wednesday"":21,""Thursday"":18,""Friday"":14,""Saturday"":13,""Sunday"":12}","[27,25,25,24,23,24,32,25,13,16,15,12,16,14,14,19,19,15,8,5,13,11,27,26]",2127.0,102.0,44.0,MA,"{""Hilton Garden Inn"":20}","{""Dunkin'"":49,""CVS"":30,""Stop & Shop"":29,""Loyal Companion"":23,""Starbucks"":20,""Mobil"":18,""Burger King"":18,""sweetgreen"":18,""Market Basket"":18,""BJ's Wholesale Club"":18,""The Home Depot"":15,""McDonald's"":14,""Speedway"":14,""Target"":14,""Walgreens"":13,""Simon mall"":12,""Sunoco"":12,""Btone Fitness"":11,""Wendy's"":11,""Trader Joe's"":11}",,sg:53506732aa9940d182f58303bc622b1f,396 W Broadway,"{""US"":37}","{""250250904003"":4,""250250607001"":4,""250214025001"":4,""330150590001"":4,""250259813002"":4,""250250608003"":4,""250250203032"":4}","{""250250801001"":5,""250250607001"":4,""440070174003"":4,""330150540001"":4,""250250819002"":4,""250173563001"":4,""250173565003"":4,""250250107021"":4,""250250611011"":4,""250277382022"":4}",{},"[3,5,3,2,1,2,1,4,7,7,5,2,2,4,1,4,5,3,4,4,4,1,3,3,4,6,4,3,3,2]"
22,Sunny Florists,2127.0,South Boston,22.0,890.0,,"{""<5"":11,""5-20"":138,""21-60"":103,""61-240"":135,"">240"":43}",Boston,2020-10-01T00:00:00-04:00,2020-09-01T00:00:00-04:00,"{""android"":77,""ios"":166}",7661.0,Sunny Florists,40.0,sunny florists,27b-222@62j-shz-6rk,250250612001.0,"{""Monday"":54,""Tuesday"":65,""Wednesday"":72,""Thursday"":77,""Friday"":53,""Saturday"":50,""Sunday"":59}","[40,24,16,28,40,54,53,39,39,43,48,53,51,51,50,42,50,40,40,42,72,86,80,42]",2127.0,430.0,248.0,MA,"{""Dunkin'"":12,""LA Fitness"":11,""Irving Oil"":10,""Stop & Shop"":10,""Kiehl's"":9,""LongHorn Steakhouse"":7,""Starbucks"":6}","{""Dunkin'"":26,""Starbucks"":15,""Stop & Shop"":9,""CVS"":9,""Loyal Companion"":8,""sweetgreen"":8,""Cambria Suites"":8,""7-Eleven"":6,""T.J. Maxx"":6,""Market Basket"":6,""Mobil"":6,""BJ's Wholesale Club"":5}",,sg:48c1e56da4554d739937c486a157b8aa,9 W Broadway # R123,"{""US"":181}","{""250250612001"":8,""250250005022"":6,""340030421001"":5,""250250608003"":5,""250251007002"":5,""250056122001"":4,""250250607001"":4,""250250403001"":4,""250250404011"":4,""250250704021"":4,""250173415004"":4,""250250104081"":4,""250214198002"":4,""250250811002"":4,""250250104052"":4,""340030192032"":4,""250235041013"":4,""250173825002"":4,""250250107011"":4,""250250511014"":4,""250250605011"":4,""250250606001"":4,""250250103002"":4,""250251001004"":4,""250214571003"":4,""250235104001"":4,""250251104034"":4,""250250505001"":4,""250250301002"":4,""250250604004"":4,""340170076002"":4,""250214024006"":4,""250250304002"":4,""250250904003"":4,""340258111012"":4,""250250612002"":4}","{""250250612001"":13,""250173373003"":6,""250250606001"":5,""250259818001"":4,""250010130021"":4,""250250602001"":4,""250173826022"":4,""250250104051"":4,""250173704001"":4,""250250605014"":4,""250251007002"":4,""250173353011"":4,""250214180041"":4,""250250005024"":4,""250250303002"":4,""250250811002"":4,""250250008032"":4,""250138011011"":4,""250251203013"":4,""250214178011"":4,""250250806011"":4,""250250703002"":4,""250250909011"":4,""250214061013"":4,""250214002001"":4,""250259812021"":4,""250250704021"":4,""250056532033"":4,""250250904003"":4,""250250604004"":4,""250173106021"":4}",{},"[13,11,20,16,20,19,10,15,17,16,13,11,10,13,10,15,15,4,11,11,16,11,15,26,20,8,19,15,16,14]"
23,Taqueria Jalisco,2128.0,East Boston,23.0,907.0,,"{""<5"":0,""5-20"":10,""21-60"":7,""61-240"":3,"">240"":14}",Boston,2020-10-01T00:00:00-04:00,2020-09-01T00:00:00-04:00,"{""android"":19,""ios"":10}",10022.0,Taqueria Jalisco,63.0,taqueria jalisco,24b-222@62j-syg-j7q,250250509011.0,"{""Monday"":4,""Tuesday"":7,""Wednesday"":5,""Thursday"":3,""Friday"":4,""Saturday"":5,""Sunday"":6}","[10,10,10,10,10,10,12,15,15,14,16,12,14,9,8,7,5,4,6,2,6,9,10,10]",2128.0,34.0,30.0,MA,{},"{""Dunkin'"":37,""CVS"":26,""Market Basket"":20,""Sunoco"":18,""The Home Depot"":18,""BJ's Wholesale Club"":16,""Stop & Shop"":13,""Staples"":12,""Burger King"":12,""Dick's Sporting Goods"":12,""Walgreens"":12,""Simon mall"":12,""Mobil"":11,""Domino's Pizza"":9,""Dollar Tree"":8,""BP"":7,""Shell Oil"":7,""Expressions Shoes "":7,""Legal Sea Foods"":7,""Friendly's"":7}",,sg:153fb471efec4b0fbed7cf1abf158bc2,291 Bennington St,"{""US"":22}","{""250251707023"":6,""250092531003"":4,""250250610003"":4,""250251702001"":4,""250250711011"":4,""250138121042"":4}","{""250250503001"":4,""330150035003"":4,""250173537003"":4,""250214021014"":4}",{},"[0,2,0,0,1,3,0,4,0,1,1,1,1,2,0,2,2,0,2,0,2,1,0,0,3,1,2,0,2,1]"
24,Tawakal Halal Cafe,2128.0,East Boston,24.0,909.0,,"{""<5"":9,""5-20"":92,""21-60"":44,""61-240"":37,"">240"":21}",Boston,2020-10-01T00:00:00-04:00,2020-09-01T00:00:00-04:00,"{""android"":67,""ios"":58}",21886.0,Tawakal Halal Cafe,21.0,tawakal halal cafe,22n-222@62j-sj6-mhq,250250512002.0,"{""Monday"":29,""Tuesday"":28,""Wednesday"":30,""Thursday"":27,""Friday"":34,""Saturday"":27,""Sunday"":28}","[17,15,15,12,14,14,12,13,18,21,27,30,30,31,33,36,33,36,24,18,18,12,16,16]",2128.0,203.0,125.0,MA,"{""Subway"":19,""7-Eleven"":16,""Enterprise Rent-A-Car"":14,""Shaw's"":11,""Cumberland Farms"":11,""YMCA"":11,""Starbucks"":9}","{""Dunkin'"":37,""Starbucks"":22,""McDonald's"":19,""Mobil"":18,""Cumberland Farms"":17,""Market Basket"":17,""The Home Depot"":15,""CVS"":13,""Shell Oil"":13,""Walgreens"":12,""Stop & Shop"":12,""BJ's Wholesale Club"":11,""7-Eleven"":11,""Irving Oil"":10,""Sunoco"":10,""Burger King"":10,""Target"":8,""Wendy's"":8,""Speedway"":7,""KFC"":7}",,sg:1a2a581a9f57482fa7ec77bd4445d355,389 Maverick St,"{""US"":110}","{""250250503001"":4,""250173401004"":4,""250056134001"":4,""250250103002"":4,""250251708001"":4,""250250919002"":4,""250259813002"":4,""250250510002"":4,""330110162021"":4,""250092531003"":4,""230099667001"":4,""250010153002"":4,""060379010042"":4,""250250512002"":4,""250173534002"":4,""250251601012"":4,""250251304024"":4,""250250507003"":4,""250173422012"":4}","{""250251705011"":7,""250250511014"":5,""250173154021"":5,""250277441014"":4,""250277318003"":4,""250214203025"":4,""250173515002"":4,""250214179011"":4,""060730166062"":4,""250235062031"":4,""250251010022"":4,""250259813002"":4,""250173422012"":4,""060590755154"":4,""250250512002"":4,""250056461033"":4,""250251606023"":4,""080310043023"":4,""250173701014"":4,""361090002001"":4,""250250504002"":4,""490439643073"":4,""250173322001"":4,""250251708001"":4,""250214163002"":4,""250214224003"":4}",{},"[5,4,4,10,4,6,12,9,6,7,8,8,5,10,8,10,7,8,11,10,6,2,3,9,8,4,7,1,4,7]"
25,Tawakal Halal Cafe,2128.0,East Boston,25.0,910.0,,"{""<5"":9,""5-20"":92,""21-60"":44,""61-240"":37,"">240"":21}",Boston,2020-10-01T00:00:00-04:00,2020-09-01T00:00:00-04:00,"{""android"":67,""ios"":58}",21886.0,Tawakal Halal Cafe,21.0,tawakal halal cafe,22n-222@62j-sj6-mhq,250250512002.0,"{""Monday"":29,""Tuesday"":28,""Wednesday"":30,""Thursday"":27,""Friday"":34,""Saturday"":27,""Sunday"":28}","[17,15,15,12,14,14,12,13,18,21,27,30,30,31,33,36,33,36,24,18,18,12,16,16]",2128.0,203.0,125.0,MA,"{""Subway"":19,""7-Eleven"":16,""Enterprise Rent-A-Car"":14,""Shaw's"":11,""Cumberland Farms"":11,""YMCA"":11,""Starbucks"":9}","{""Dunkin'"":37,""Starbucks"":22,""McDonald's"":19,""Mobil"":18,""Cumberland Farms"":17,""Market Basket"":17,""The Home Depot"":15,""CVS"":13,""Shell Oil"":13,""Walgreens"":12,""Stop & Shop"":12,""BJ's Wholesale Club"":11,""7-Eleven"":11,""Irving Oil"":10,""Sunoco"":10,""Burger King"":10,""Target"":8,""Wendy's"":8,""Speedway"":7,""KFC"":7}",,sg:1a2a581a9f57482fa7ec77bd4445d355,389 Maverick St,"{""US"":110}","{""250250503001"":4,""250173401004"":4,""250056134001"":4,""250250103002"":4,""250251708001"":4,""250250919002"":4,""250259813002"":4,""250250510002"":4,""330110162021"":4,""250092531003"":4,""230099667001"":4,""250010153002"":4,""060379010042"":4,""250250512002"":4,""250173534002"":4,""250251601012"":4,""250251304024"":4,""250250507003"":4,""250173422012"":4}","{""250251705011"":7,""250250511014"":5,""250173154021"":5,""250277441014"":4,""250277318003"":4,""250214203025"":4,""250173515002"":4,""250214179011"":4,""060730166062"":4,""250235062031"":4,""250251010022"":4,""250259813002"":4,""250173422012"":4,""060590755154"":4,""250250512002"":4,""250056461033"":4,""250251606023"":4,""080310043023"":4,""250173701014"":4,""361090002001"":4,""250250504002"":4,""490439643073"":4,""250173322001"":4,""250251708001"":4,""250214163002"":4,""250214224003"":4}",{},"[5,4,4,10,4,6,12,9,6,7,8,8,5,10,8,10,7,8,11,10,6,2,3,9,8,4,7,1,4,7]"
26,The Quiet Few,2128.0,East Boston,26.0,941.0,,"{""<5"":3,""5-20"":23,""21-60"":8,""61-240"":10,"">240"":35}",Boston,2020-10-01T00:00:00-04:00,2020-09-01T00:00:00-04:00,"{""android"":20,""ios"":21}",3894.0,The Quiet Few,115.0,the quiet few,235-222@62j-sj6-nwk,250250504002.0,"{""Monday"":7,""Tuesday"":13,""Wednesday"":11,""Thursday"":11,""Friday"":13,""Saturday"":14,""Sunday"":10}","[23,23,25,23,22,21,20,22,20,18,22,20,23,21,20,18,14,14,12,10,19,20,22,20]",2128.0,79.0,44.0,MA,"{""Crunch"":25}","{""Dunkin'"":31,""Mobil"":25,""Stop & Shop"":25,""CVS"":21,""Shaw's"":20,""Market Basket"":20,""Target"":16,""Starbucks"":15,""McDonald's"":14,""Petco"":13,""Dollar Tree"":11,""BJ's Wholesale Club"":11,""The Home Depot"":11,""Simon mall"":10,""Burger King"":9,""Ocean State Job Lot"":9,""sweetgreen"":9,""Cumberland Farms"":9,""Family Dollar Stores"":9,""CITGO"":8}",,sg:934083f1c8824bb28ad45b41b82a2797,331 Sumner St,"{""US"":37}","{""250250503001"":8,""250251606012"":4,""250250504002"":4,""250173662022"":4,""250092084004"":4,""250250008025"":4,""250250608002"":4,""250214196004"":4,""250250510003"":4,""250056314001"":4,""250056421001"":4,""250251803013"":4,""250250512001"":4}","{""250214196004"":5,""250250510001"":4,""250251606012"":4,""250092084004"":4,""250250606001"":4,""250250504002"":4,""250250512001"":4,""250235021011"":4,""250251707011"":4}",{},"[4,2,3,5,2,3,3,3,3,5,5,1,4,1,4,3,0,2,6,3,1,0,3,3,1,5,0,2,2,0]"
27,Tu Metapan Restaurant,2128.0,East Boston,27.0,973.0,,"{""<5"":1,""5-20"":19,""21-60"":23,""61-240"":11,"">240"":0}",Boston,2020-10-01T00:00:00-04:00,2020-09-01T00:00:00-04:00,"{""android"":20,""ios"":22}",5617.0,Tu Metapan Restaurant,27.5,tu metapan restaurant,234-222@62j-syg-j7q,250250509011.0,"{""Monday"":6,""Tuesday"":7,""Wednesday"":10,""Thursday"":9,""Friday"":10,""Saturday"":8,""Sunday"":4}","[0,0,0,0,0,0,0,0,4,11,8,7,4,5,4,4,10,12,9,6,4,3,1,0]",2128.0,54.0,44.0,MA,"{""BP"":99,""Starbucks"":98}","{""Dunkin'"":44,""Target"":41,""Market Basket"":29,""Mobil"":28,""Burger King"":27,""Starbucks"":27,""McDonald's"":23,""Speedway"":21,""CVS"":21,""Stop & Shop"":20,""Marshalls"":20,""Shell Oil"":18,""Wendy's"":18,""The Home Depot"":17,""Simon mall"":16,""Sunoco"":16,""T.J. Maxx"":16,""Loyal Companion"":16,""Dollar Tree"":15,""Walmart"":15}",,sg:f3952522e13a4febb02cdbed43d6f508,295 Bennington St,"{""US"":41}","{""250250511012"":4,""250251601015"":4,""250250501013"":4,""250173501041"":4,""250173152003"":4}","{""250251707021"":4,""250251601015"":4,""250250509013"":4,""250250511013"":4,""250250819001"":4,""250251603002"":4,""250251703006"":4}",{},"[5,1,5,5,0,2,4,2,1,1,1,1,0,0,0,1,1,2,4,1,1,0,4,2,2,3,1,1,0,3]"
28,chinese dragon,2128.0,East Boston,28.0,1073.0,,"{""<5"":7,""5-20"":70,""21-60"":42,""61-240"":38,"">240"":28}",Boston,2020-10-01T00:00:00-04:00,2020-09-01T00:00:00-04:00,"{""android"":41,""ios"":33}",3722.0,Chinese Dragon,24.0,chinese dragon,22t-222@62j-syg-j5f,250250509011.0,"{""Monday"":15,""Tuesday"":28,""Wednesday"":17,""Thursday"":24,""Friday"":36,""Saturday"":34,""Sunday"":31}","[24,26,21,15,12,12,13,13,20,33,35,34,29,27,27,22,20,22,29,24,21,29,30,30]",2128.0,185.0,76.0,MA,"{""IHOP"":50,""Target"":32,""Taco Bell"":24,""7-Eleven"":16}","{""Dunkin'"":43,""Market Basket"":42,""McDonald's"":25,""Mobil"":24,""Starbucks"":22,""Stop & Shop"":21,""Planet Fitness"":20,""CVS"":19,""7-Eleven"":19,""The Home Depot"":17,""Target"":17,""Simon mall"":17,""sweetgreen"":13,""Subway"":13,""Burger King"":13,""T.J. Maxx"":12,""Dick's Sporting Goods"":12,""Walgreens"":12,""Walmart"":11,""Sunoco"":11}",,sg:51040e76fd124501b785fe088c966c2d,380 Chelsea St,"{""US"":70}","{""250251604001"":7,""250092661005"":6,""250250907003"":6,""250251702004"":5,""250250502001"":5,""250250503001"":4,""250173425003"":4,""250251708004"":4,""250250507002"":4,""250092021022"":4,""250250606001"":4,""250092081013"":4,""250250106001"":4,""250251805004"":4,""250250502003"":4,""250251601015"":4,""250251706013"":4,""250214196004"":4,""250173424004"":4,""250173341001"":4}","{""250250509011"":9,""250250501011"":5,""250250502003"":4,""250251401071"":4,""250250505001"":4,""250251706013"":4,""250251708004"":4,""250173514031"":4,""250251702004"":4}",{},"[4,6,4,14,8,8,4,6,2,8,10,6,12,5,9,4,5,5,10,5,3,5,3,7,7,10,6,3,4,2]"
29,Pockets Billiard Club,2128.0,East Boston,29.0,1077.0,,"{""<5"":5,""5-20"":34,""21-60"":50,""61-240"":47,"">240"":16}",Boston,2020-10-01T00:00:00-04:00,2020-09-01T00:00:00-04:00,"{""android"":57,""ios"":32}",3009.0,Pockets Billiard Club,45.5,pockets billiard club,zzw-222@62j-syg-tsq,250250511011.0,"{""Monday"":19,""Tuesday"":13,""Wednesday"":35,""Thursday"":19,""Friday"":16,""Saturday"":24,""Sunday"":26}","[23,22,16,14,14,9,4,4,5,10,16,20,21,14,12,11,14,25,25,27,25,27,24,20]",2128.0,152.0,90.0,MA,"{""The Home Depot"":24,""Blue Bottle Coffee"":17,""Market Basket"":12,""BP"":9}","{""Dunkin'"":60,""Market Basket"":31,""Burger King"":23,""CVS"":23,""Mobil"":21,""Stop & Shop"":21,""Target"":19,""Starbucks"":17,""BJ's Wholesale Club"":16,""The Home Depot"":16,""McDonald's"":16,""Dollar Tree"":15,""Simon mall"":14,""Burlington"":13,""Planet Fitness"":12,""Walgreens"":12,""Subway"":11,""Wendy's"":11,""Speedway"":9,""sweetgreen"":9}",,sg:dd6d92bfd75c4351b76525f503aea580,981 Bennington St,"{""US"":80}","{""250251605021"":9,""250173504002"":6,""250250510001"":6,""250251606011"":6,""250250509011"":5,""250250511013"":5,""250214175022"":4,""330110010003"":4,""250250509013"":4,""250173413002"":4,""250214196004"":4,""250250511014"":4,""250251708004"":4,""250173399005"":4,""250251006011"":4,""250173398022"":4,""250250507001"":4,""250251705011"":4,""250173213006"":4,""250214151025"":4,""250251802004"":4,""250250203011"":4}","{""250251803014"":6,""250250511013"":5,""250250504002"":4,""250251605021"":4,""250251708004"":4,""250173398022"":4,""250173399005"":4,""250251606011"":4,""250173424001"":4,""250251707012"":4,""250250504001"":4,""250251401022"":4,""250251708002"":4,""250173213006"":4,""250251703004"":4,""250250502004"":4}",{},"[4,6,2,8,0,11,4,4,11,6,1,12,6,12,2,8,4,5,2,4,0,3,6,7,2,10,5,3,0,4]"
30,Mi Pueblito Orient Heights,2128.0,East Boston,30.0,1085.0,,"{""<5"":0,""5-20"":22,""21-60"":29,""61-240"":23,"">240"":5}",Boston,2020-10-01T00:00:00-04:00,2020-09-01T00:00:00-04:00,"{""android"":35,""ios"":28}",2630.0,Mi Pueblito Orient Heights,48.0,mi pueblito orient heights,22s-223@62j-syg-yn5,250250510002.0,"{""Monday"":13,""Tuesday"":11,""Wednesday"":9,""Thursday"":5,""Friday"":7,""Saturday"":20,""Sunday"":14}","[2,3,1,2,1,2,2,4,7,10,6,9,9,9,9,9,14,17,22,22,12,12,4,3]",2128.0,79.0,63.0,MA,"{""McDonald's"":46}","{""Market Basket"":38,""Dunkin'"":31,""Simon mall"":24,""Stop & Shop"":22,""BJ's Wholesale Club"":22,""Mobil"":20,""Starbucks"":18,""Target"":17,""Dick's Sporting Goods"":16,""CVS"":16,""Shaw's"":16,""The Home Depot"":14,""Burger King"":13,""Subway"":12,""Sunoco"":11,""Walgreens"":11,""T.J. Maxx"":11,""Planet Fitness"":10,""Ferrellgas"":9,""Dollar Tree"":9}",,sg:a12947c4da7e44ec9a7f3d307e0fb17f,964 Saratoga St,"{""US"":57,""MX"":4}","{""250250509011"":7,""250250501013"":4,""250214003002"":4,""250251701007"":4,""250251802003"":4,""250250507003"":4,""250092083002"":4,""250250510002"":4,""250251708002"":4,""120860121001"":4,""250251704002"":4}","{""250250510002"":7,""250251702002"":6,""250250511011"":5,""250250502001"":4,""250251802004"":4,""250251704002"":4,""250251708004"":4,""250092113003"":4,""250250511013"":4,""250251604002"":4,""120860121001"":4}",{},"[2,2,1,1,4,2,4,3,1,2,3,6,5,1,1,3,1,0,2,2,6,1,2,1,3,8,5,2,4,1]"
31,Cricket Wireless,2128.0,East Boston,31.0,1168.0,Cricket Wireless,"{""<5"":0,""5-20"":2,""21-60"":1,""61-240"":0,"">240"":0}",Boston,2020-10-01T00:00:00-04:00,2020-09-01T00:00:00-04:00,"{""android"":0,""ios"":0}",,Cricket Wireless,13.0,cricket wireless,2cw-222@62j-shz-2zf,250250702001.0,"{""Monday"":0,""Tuesday"":0,""Wednesday"":1,""Thursday"":1,""Friday"":1,""Saturday"":0,""Sunday"":0}","[1,1,0,0,0,0,0,0,0,0,0,0,0,0,0,1,0,0,0,0,0,0,0,0]",2111.0,3.0,3.0,MA,{},"{""Dunkin'"":63,""Starbucks"":59,""Healthworks Fitness"":33,""Primark Stores EU"":33,""Legal Sea Foods"":33,""Free People"":33,""Star Market"":33,""Blue Bottle Coffee"":33,""Equinox Fitness Clubs"":33,""Juice Press"":33,""XFINITY by Comcast"":33,""Micro Center"":33,""Peet's Coffee and Tea"":33,""sweetgreen"":33,""Market Basket"":33,""Cumberland Farms"":33,""Gulf Oil"":33,""Best Buy"":32,""CrossFit"":32,""Domino's Pizza"":32}",SG_BRAND_247184f5fcf8c0afea1291676dc6df8f,sg:42fe2cd732404735a128abf606bee599,68 Harrison Ave Ste A,{},{},"{""250250701017"":4}",{},"[0,0,0,0,0,0,0,0,1,0,1,0,0,0,0,0,0,0,0,0,0,0,0,1,0,0,0,0,0,0]"
32,The Kenmore,2215.0,Boston,32.0,1376.0,,"{""<5"":2,""5-20"":34,""21-60"":59,""61-240"":21,"">240"":4}",Boston,2020-10-01T00:00:00-04:00,2020-09-01T00:00:00-04:00,"{""android"":13,""ios"":71}",1637.0,The Kenmore,30.5,the kenmore,22d-225@62j-sgg-cwk,250250101043.0,"{""Monday"":20,""Tuesday"":19,""Wednesday"":27,""Thursday"":14,""Friday"":15,""Saturday"":13,""Sunday"":12}","[4,1,0,0,0,4,3,2,7,16,14,12,19,26,20,15,12,11,23,24,4,2,4,3]",2215.0,120.0,88.0,MA,"{""Starbucks"":27,""Dunkin'"":24,""McDonald's"":16}","{""Starbucks"":62,""Dunkin'"":35,""CVS"":34,""Target"":30,""Raising Cane's"":21,""Chipotle Mexican Grill"":16,""Einstein Brothers"":14,""Mobil"":13,""by CHLOE"":11,""Panda Express"":11,""Qdoba Mexican Grill"":11,""Bank of America"":11,""T.J. Maxx"":10,""Mama Deluca's"":9,""sweetgreen"":9,""REI"":8,""City Convenience"":7,""Star Market"":7,""Yard House"":7,""Shaw's"":7}",,sg:21952a8924984a19986171478811a497,476 Commonwealth Ave,"{""US"":80}","{""250250101031"":12,""250250008032"":10,""250250101042"":10,""250250101033"":6,""250214211003"":5,""250250102042"":4,""090091760001"":4,""250214001004"":4,""250250701016"":4,""250250101043"":4,""250250911003"":4,""240135010011"":4,""340030091005"":4,""250250008025"":4,""250056139011"":4}","{""250250101031"":12,""250250101042"":11,""250250008032"":8,""250173502003"":5,""240135010011"":5,""250250101033"":5,""250250102043"":4,""340030091005"":4,""440070026001"":4,""250250102034"":4,""250056171013"":4,""330150036021"":4,""250250102041"":4}",{},"[1,4,4,4,3,5,1,4,6,5,3,6,3,5,3,8,1,1,2,3,8,7,3,4,7,2,1,6,4,6]"
