,Business Name,Neighborhood,Unnamed: 0,Unnamed: 0.1,brands,bucketed_dwell_times,city,date_range_end,date_range_start,device_type,distance_from_home,location_name,median_dwell,name_lower,placekey,poi_cbg,popularity_by_day,popularity_by_hour,postal_code,raw_visit_counts,raw_visitor_counts,region,related_same_day_brand,related_same_month_brand,safegraph_brand_ids,safegraph_place_id,street_address,visitor_country_of_origin,visitor_daytime_cbgs,visitor_home_cbgs,visitor_work_cbgs,visits_by_day
0,Americano Espresso Bar,East Boston,0.0,973.0,,"{""<5"":8,""5-20"":148,""21-60"":42,""61-240"":23,"">240"":3}",Boston,2020-10-01T00:00:00-04:00,2020-09-01T00:00:00-04:00,"{""android"":93,""ios"":75}",3180.0,Americano Espresso Bar,11.0,americano espresso bar,26d-222@62j-sj7-rzf,250250506001.0,"{""Monday"":28,""Tuesday"":36,""Wednesday"":30,""Thursday"":42,""Friday"":32,""Saturday"":28,""Sunday"":28}","[0,1,2,0,0,1,4,24,1,9,24,23,26,21,23,26,20,18,20,22,9,20,19,8]",2128.0,224.0,173.0,MA,"{""Planet Fitness"":20,""McDonald's"":14,""Pollo Campero"":12,""Crunch"":11,""Hooters"":9,""Hyatt Place"":9}","{""Dunkin'"":45,""Market Basket"":31,""Shaw's"":28,""Stop & Shop"":26,""Starbucks"":25,""McDonald's"":25,""Mobil"":25,""Burger King"":23,""CVS"":21,""Target"":16,""Walgreens"":16,""BJ's Wholesale Club"":16,""Subway"":15,""Dollar Tree"":15,""Marshalls"":14,""The Home Depot"":14,""Speedway"":14,""Sunoco"":14,""Simon mall"":13,""Walmart"":12}",,sg:ba3ab7f62fee4456a178ce2b4daaaa7e,155 Meridian St,"{""US"":167}","{""250250505001"":6,""250250203011"":5,""250250501013"":5,""250251704003"":4,""360110415004"":4,""250173423004"":4,""250251705011"":4,""250092072002"":4,""250173342002"":4,""250092518003"":4,""250251804001"":4,""250251605011"":4,""250173165004"":4,""250250506002"":4,""250173421024"":4,""250250506001"":4,""250250512003"":4,""250251805001"":4,""250250501011"":4,""250251708004"":4,""250092504001"":4,""250251701007"":4,""250250507003"":4,""250250504001"":4,""371190035001"":4,""250250509011"":4,""250214192002"":4,""250250512002"":4,""250250702003"":4,""250173425003"":4,""250250503002"":4,""250251604001"":4,""250251602003"":4,""250250502001"":4,""250251703006"":4,""171978801152"":4,""250251601012"":4}","{""250250505001"":10,""250214561011"":6,""250250501011"":6,""250250507001"":5,""250250502001"":5,""250250512002"":5,""090010427001"":4,""250173165004"":4,""250250504002"":4,""250251606024"":4,""250173425003"":4,""250251104031"":4,""250250509011"":4,""250250510003"":4,""250250510002"":4,""440070110003"":4,""250250506001"":4,""250251707023"":4,""250173423004"":4,""250251704004"":4,""250251708004"":4,""440050401012"":4,""250251602003"":4,""360110416003"":4,""250251707022"":4,""250250507002"":4,""250251606025"":4,""250250507003"":4,""250251703005"":4,""250250512003"":4,""250251801013"":4,""250250503002"":4,""250092055001"":4,""250251708001"":4,""250250501013"":4,""250251601012"":4}",{},"[5,5,18,10,9,11,9,10,5,5,1,5,3,8,9,9,7,12,8,8,5,5,7,12,9,6,6,6,7,4]"
1,Biddy Hair Salon,East Boston,1.0,979.0,,"{""<5"":0,""5-20"":0,""21-60"":0,""61-240"":0,"">240"":1}",Boston,2020-10-01T00:00:00-04:00,2020-09-01T00:00:00-04:00,"{""android"":0,""ios"":0}",,Biddy Hair Salon,814.0,biddy hair salon,23j-222@62j-sj7-rhq,250250502001.0,"{""Monday"":0,""Tuesday"":0,""Wednesday"":1,""Thursday"":0,""Friday"":0,""Saturday"":0,""Sunday"":0}","[1,1,1,1,1,1,1,1,1,1,1,1,1,1,1,0,0,0,0,0,0,0,0,0]",2128.0,1.0,1.0,MA,{},"{""Crowne Plaza Hotels and Resorts"":100,""Fiesta Mart"":100,""Rutter's Farm Stores"":100,""24 Hour Fitness"":100,""Godfather's Pizza"":100,""TravelCenters of America"":100,""International Trucks"":99,""Papa John's"":99,""Denny's"":99,""CITGO"":99,""Love's Travel Stops and Country Stores"":99,""Planet Fitness"":99,""Chili's Grill & Bar"":99,""Pilot Flying J"":99,""QuikTrip"":99,""Chipotle Mexican Grill"":98,""Wendy's"":95,""Walgreens"":95,""The Home Depot"":95,""Subway"":95}",,sg:034a50053bbf4751b4f5de195c214e02,273 Meridian St,{},"{""482015414001"":4}","{""482015414001"":4}",{},"[0,0,0,0,0,0,0,0,1,0,0,0,0,0,0,0,0,0,0,0,0,0,0,0,0,0,0,0,0,0]"
2,Cafe Gigu,East Boston,2.0,988.0,,"{""<5"":2,""5-20"":66,""21-60"":25,""61-240"":22,"">240"":5}",Boston,2020-10-01T00:00:00-04:00,2020-09-01T00:00:00-04:00,"{""android"":66,""ios"":30}",4486.0,Cafe Gigu,16.5,cafe gigu,225-223@62j-sj7-3h5,250250503001.0,"{""Monday"":16,""Tuesday"":25,""Wednesday"":15,""Thursday"":14,""Friday"":23,""Saturday"":14,""Sunday"":13}","[10,7,6,5,6,5,7,8,8,7,12,21,19,13,10,9,14,14,17,5,5,9,10,11]",2128.0,120.0,96.0,MA,"{""McDonald's"":46,""Get Air"":33,""Dunkin'"":24,""Market Basket"":17}","{""Dunkin'"":43,""Market Basket"":36,""Mobil"":20,""BJ's Wholesale Club"":19,""Starbucks"":18,""The Home Depot"":18,""CVS"":17,""Target"":16,""Shaw's"":16,""McDonald's"":15,""Speedway"":15,""7-Eleven"":13,""Walgreens"":13,""Planet Fitness"":12,""Burger King"":12,""Marshalls"":12,""Dollar Tree"":12,""Wendy's"":10,""sweetgreen"":9,""Stop & Shop"":9}",,sg:8b1e1784ee514d1bbf25d08847375594,102 Meridian St,"{""US"":86}","{""250251602003"":6,""250250507003"":6,""250250506002"":5,""250250505001"":5,""250277310011"":4,""250173567021"":4,""250173423003"":4,""040210017111"":4,""250251706012"":4,""250250203011"":4,""250251802003"":4,""250251703005"":4,""250251606025"":4,""250250503001"":4,""250251704002"":4,""250251701004"":4,""250251707012"":4,""250250509012"":4}","{""250251803011"":7,""250250503001"":5,""250250511012"":4,""250251706012"":4,""250250502002"":4,""250251102011"":4,""250251605021"":4,""040210017111"":4,""250250507003"":4,""250251704002"":4,""250092057004"":4,""250250509012"":4,""250250501011"":4,""250251703005"":4,""250251606025"":4,""250250506002"":4,""250250507001"":4,""250250505001"":4,""250092067001"":4,""250173423003"":4,""250250918001"":4,""250250501013"":4,""250173422012"":4,""250250501012"":4}",{},"[4,2,5,6,2,2,1,5,5,2,8,5,4,5,8,5,6,6,1,3,8,4,3,1,3,6,4,2,4,0]"
3,chinese dragon,East Boston,3.0,992.0,,"{""<5"":7,""5-20"":70,""21-60"":42,""61-240"":38,"">240"":28}",Boston,2020-10-01T00:00:00-04:00,2020-09-01T00:00:00-04:00,"{""android"":41,""ios"":33}",3722.0,Chinese Dragon,24.0,chinese dragon,22t-222@62j-syg-j5f,250250509011.0,"{""Monday"":15,""Tuesday"":28,""Wednesday"":17,""Thursday"":24,""Friday"":36,""Saturday"":34,""Sunday"":31}","[24,26,21,15,12,12,13,13,20,33,35,34,29,27,27,22,20,22,29,24,21,29,30,30]",2128.0,185.0,76.0,MA,"{""IHOP"":50,""Target"":32,""Taco Bell"":24,""7-Eleven"":16}","{""Dunkin'"":43,""Market Basket"":42,""McDonald's"":25,""Mobil"":24,""Starbucks"":22,""Stop & Shop"":21,""Planet Fitness"":20,""CVS"":19,""7-Eleven"":19,""The Home Depot"":17,""Target"":17,""Simon mall"":17,""sweetgreen"":13,""Subway"":13,""Burger King"":13,""T.J. Maxx"":12,""Dick's Sporting Goods"":12,""Walgreens"":12,""Walmart"":11,""Sunoco"":11}",,sg:51040e76fd124501b785fe088c966c2d,380 Chelsea St,"{""US"":70}","{""250251604001"":7,""250092661005"":6,""250250907003"":6,""250251702004"":5,""250250502001"":5,""250250503001"":4,""250173425003"":4,""250251708004"":4,""250250507002"":4,""250092021022"":4,""250250606001"":4,""250092081013"":4,""250250106001"":4,""250251805004"":4,""250250502003"":4,""250251601015"":4,""250251706013"":4,""250214196004"":4,""250173424004"":4,""250173341001"":4}","{""250250509011"":9,""250250501011"":5,""250250502003"":4,""250251401071"":4,""250250505001"":4,""250251706013"":4,""250251708004"":4,""250173514031"":4,""250251702004"":4}",{},"[4,6,4,14,8,8,4,6,2,8,10,6,12,5,9,4,5,5,10,5,3,5,3,7,7,10,6,3,4,2]"
4,House of Nails,East Boston,4.0,1020.0,,"{""<5"":1,""5-20"":11,""21-60"":1,""61-240"":1,"">240"":0}",Boston,2020-10-01T00:00:00-04:00,2020-09-01T00:00:00-04:00,"{""android"":5,""ios"":4}",3002.0,House of Nails,7.5,house of nails,23n-222@62j-syg-xh5,250250511011.0,"{""Monday"":4,""Tuesday"":5,""Wednesday"":3,""Thursday"":0,""Friday"":0,""Saturday"":1,""Sunday"":1}","[0,0,0,0,0,4,3,1,0,0,1,0,0,1,2,0,1,1,1,0,1,1,0,0]",2128.0,14.0,12.0,MA,"{""Starbucks"":48}","{""Dunkin'"":55,""Starbucks"":43,""Stop & Shop"":25,""Marshalls"":24,""Walmart"":23,""Burger King"":21,""CVS"":21,""Dollar Tree"":20,""Shaw's"":17,""YMCA"":16,""Burlington"":16,""Toyota"":16,""BJ's Wholesale Club"":16,""Mobil"":15,""Target"":10,""Boston Sports Clubs"":8,""Primark Stores EU"":8,""avid hotels"":8,""Fidelity"":8,""MidiCi Neopolitan Pizza"":8}",,sg:acceb69f66bb485d94d63dbdbb3f77aa,1020 Bennington St,"{""US"":10}","{""250251708002"":4,""250250503001"":4}","{""250250510001"":4,""250250511012"":4}",{},"[2,0,0,0,0,0,0,1,1,0,0,1,1,0,1,2,0,0,0,0,2,1,0,0,0,0,0,2,0,0]"
5,Italian express pizzeria,East Boston,5.0,1022.0,,"{""<5"":0,""5-20"":16,""21-60"":19,""61-240"":29,"">240"":13}",Boston,2020-10-01T00:00:00-04:00,2020-09-01T00:00:00-04:00,"{""android"":27,""ios"":20}",7976.0,Italian Express Pizzeria,119.0,italian express pizzeria,25r-222@62j-sj6-nwk,250250504002.0,"{""Monday"":11,""Tuesday"":17,""Wednesday"":10,""Thursday"":10,""Friday"":16,""Saturday"":12,""Sunday"":1}","[12,10,10,10,10,11,13,13,14,13,11,12,9,8,9,7,6,8,11,11,29,33,32,30]",2128.0,77.0,47.0,MA,"{""Aloft Hotels"":50,""Dunkin'"":49,""BJ's Wholesale Club"":25}","{""Dunkin'"":33,""Market Basket"":21,""Shaw's"":17,""Stop & Shop"":17,""Walmart"":15,""Mobil"":15,""7-Eleven"":15,""Burger King"":15,""CVS"":15,""The Home Depot"":14,""T.J. Maxx"":13,""McDonald's"":12,""Starbucks"":12,""Sunoco"":11,""BJ's Wholesale Club"":10,""Simon mall"":9,""sweetgreen"":8,""Target"":8,""Marshalls"":8,""Subway"":7}",,sg:1071f84255b64f56b21d234ec93b6e1b,336 Sumner St,"{""US"":40}","{""250277581022"":5,""250250502004"":5,""250214202021"":4,""250250512002"":4,""250250505001"":4,""330110028004"":4,""250092092001"":4}","{""330130310013"":5,""250250502004"":4,""250250512002"":4,""250250505001"":4,""250092091001"":4,""330151002003"":4,""391230505001"":4,""250250408013"":4}",{},"[4,2,1,5,4,0,4,3,3,2,3,4,0,2,3,1,4,3,2,0,3,3,2,3,5,2,1,2,4,2]"
6,La Chiva Restaurant,East Boston,6.0,1030.0,,"{""<5"":5,""5-20"":150,""21-60"":41,""61-240"":23,"">240"":54}",Boston,2020-10-01T00:00:00-04:00,2020-09-01T00:00:00-04:00,"{""android"":92,""ios"":50}",3624.0,La Chiva Restaurant,16.0,la chiva restaurant,22t-222@62j-sj7-td9,250250502004.0,"{""Monday"":34,""Tuesday"":45,""Wednesday"":49,""Thursday"":31,""Friday"":35,""Saturday"":38,""Sunday"":41}","[32,31,28,25,26,42,45,53,57,52,49,57,65,60,55,50,42,31,26,26,31,31,32,31]",2128.0,273.0,146.0,MA,"{""BP"":16,""CVS"":6}","{""Dunkin'"":45,""Market Basket"":32,""Mobil"":32,""Walgreens"":21,""McDonald's"":21,""Burger King"":20,""The Home Depot"":18,""Simon mall"":17,""CVS"":17,""Stop & Shop"":17,""Target"":17,""BJ's Wholesale Club"":17,""Subway"":16,""Starbucks"":16,""Dollar Tree"":16,""Dick's Sporting Goods"":15,""Shaw's"":15,""Wendy's"":14,""Speedway"":12,""7-Eleven"":12}",,sg:c67877c51f64478188edad8a68fc7f3e,259 Bennington St,"{""US"":135}","{""250250001001"":6,""250251606011"":5,""250250921014"":4,""250250510003"":4,""250250606001"":4,""250250511011"":4,""250250505001"":4,""250173704002"":4,""250214192002"":4,""250251703003"":4,""250173631044"":4,""250251304022"":4,""250250502004"":4,""250173613004"":4,""250251706013"":4,""250092521013"":4,""250250502001"":4,""250251605011"":4,""250250704021"":4,""250214035001"":4,""330150600001"":4,""250250303003"":4,""250251601013"":4,""250173422012"":4,""250250507003"":4,""250250506002"":4,""250138011011"":4,""250251606012"":4,""250250509012"":4,""250250511012"":4,""340230012001"":4}","{""250250507003"":9,""250250509012"":7,""250173425003"":6,""250173422012"":4,""250251606011"":4,""250250921014"":4,""250173114001"":4,""250250507001"":4,""250250509013"":4,""250250510001"":4,""250251606021"":4,""250092053004"":4,""250251605011"":4,""250251801013"":4,""330150610013"":4,""250173424002"":4,""250259813002"":4,""250250511011"":4,""250251707025"":4,""250250503001"":4,""250250511012"":4,""250250509011"":4,""250251703005"":4,""440070182001"":4,""250250502004"":4,""250173421014"":4,""250251705011"":4,""250251702002"":4}",{},"[8,10,11,10,8,6,12,14,6,5,10,10,16,6,7,9,6,5,12,11,6,9,14,9,10,8,8,10,7,10]"
7,Little Asia Restaurant,East Boston,7.0,1038.0,,"{""<5"":3,""5-20"":40,""21-60"":32,""61-240"":31,"">240"":28}",Boston,2020-10-01T00:00:00-04:00,2020-09-01T00:00:00-04:00,"{""android"":35,""ios"":31}",2360.0,Little Asia Restaurant,42.5,little asia restaurant,234-222@62j-syg-v4v,250250511011.0,"{""Monday"":11,""Tuesday"":15,""Wednesday"":26,""Thursday"":20,""Friday"":18,""Saturday"":28,""Sunday"":16}","[14,14,14,14,14,14,13,15,14,17,18,18,19,19,24,29,33,27,32,30,21,21,20,13]",2128.0,134.0,68.0,MA,"{""Blue Bottle Coffee"":17,""Dodge"":16,""CVS"":16,""Five Below"":12}","{""Dunkin'"":47,""CVS"":34,""Stop & Shop"":29,""Mobil"":27,""Starbucks"":22,""Target"":21,""Market Basket"":20,""Dollar Tree"":16,""Shaw's"":13,""McDonald's"":13,""BJ's Wholesale Club"":13,""The Home Depot"":12,""Subway"":12,""Five Below"":12,""Wendy's"":11,""7-Eleven"":11,""Marshalls"":11,""Simon mall"":10,""Planet Fitness"":9,""Sunoco"":8}",,sg:c6815256d0c348ac84c9da5467e88b7c,991 Bennington St,"{""US"":60}","{""250173419025"":5,""250250510001"":5,""440070124021"":4,""330110010003"":4,""250251802004"":4,""250251802001"":4,""250251708001"":4,""250251106072"":4,""250251802002"":4,""250214176023"":4,""250250502004"":4,""131350507184"":4,""250251601013"":4,""250173505001"":4,""250250511013"":4,""250173412005"":4,""250173391004"":4}","{""250250502004"":6,""250251802004"":4,""250251805003"":4,""250250510001"":4,""250251802001"":4,""250250503002"":4,""250251802002"":4,""250251708001"":4,""250250511011"":4,""250250501013"":4}",{},"[2,10,4,11,7,6,3,6,4,5,3,12,1,4,4,3,3,2,5,6,3,2,7,8,2,4,3,1,1,2]"
8,Mexicali Sushi Bar,East Boston,8.0,1048.0,,"{""<5"":26,""5-20"":183,""21-60"":41,""61-240"":34,"">240"":23}",Boston,2020-10-01T00:00:00-04:00,2020-09-01T00:00:00-04:00,"{""android"":164,""ios"":61}",4123.0,Mexicali Sushi Bar,11.0,mexicali sushi bar,2dy-223@62j-sj6-yy9,250250503002.0,"{""Monday"":37,""Tuesday"":46,""Wednesday"":46,""Thursday"":33,""Friday"":62,""Saturday"":40,""Sunday"":43}","[15,13,14,15,17,20,32,29,21,28,34,35,28,33,36,27,35,37,29,25,29,44,40,20]",2128.0,307.0,220.0,MA,"{""Eaton Apothecary"":25,""Dunkin'"":16,""Starbucks"":14,""CVS"":12,""Michaels Stores"":7,""lululemon athletica"":7,""GameStop"":5}","{""Dunkin'"":41,""Market Basket"":24,""Starbucks"":22,""Burger King"":21,""Shaw's"":18,""Marshalls"":16,""Target"":15,""CVS"":12,""BJ's Wholesale Club"":12,""Stop & Shop"":11,""The Home Depot"":10,""7-Eleven"":10,""Mobil"":9,""T.J. Maxx"":8,""sweetgreen"":8,""Subway"":7,""Pollo Campero"":7,""CrossFit"":7,""Planet Fitness"":6,""Burlington"":6}",,sg:22f6650f6a6040fba9b1bfbe97453c39,199 Sumner St,"{""US"":189}","{""250250704021"":7,""250250506002"":6,""250173613004"":5,""250250503002"":5,""250250502002"":4,""250092532043"":4,""250250401002"":4,""250250705004"":4,""250092021023"":4,""250250509013"":4,""250251801013"":4,""250251707025"":4,""250173502004"":4,""250250510001"":4,""250251104011"":4,""250250503001"":4,""250250511011"":4,""250250919004"":4,""250251707023"":4,""250250512001"":4,""250251605012"":4,""250250505001"":4,""250251705011"":4,""250250810011"":4,""250250501012"":4,""250251702001"":4,""250250203011"":4,""250251707022"":4,""250250509012"":4,""250250504001"":4}","{""250250503002"":12,""250250505001"":6,""250250501011"":6,""250173424002"":5,""250250502002"":5,""250251701001"":5,""250251601013"":4,""250250611011"":4,""250092021023"":4,""250250510001"":4,""250092072001"":4,""250092041022"":4,""250250501013"":4,""250250507003"":4,""250277491002"":4,""250250506001"":4,""250250512002"":4,""250251707023"":4,""250173419024"":4,""250250711012"":4,""250173363005"":4,""250250503001"":4,""250173401004"":4,""250173418006"":4,""250092611023"":4,""250251708002"":4,""250251707022"":4,""250250501012"":4,""250250510003"":4,""250250507001"":4}",{},"[8,5,14,25,20,16,6,16,10,7,11,6,13,12,7,13,7,20,10,10,10,9,7,5,6,4,4,9,6,11]"
9,Pazza On Porter,East Boston,9.0,1055.0,,"{""<5"":5,""5-20"":57,""21-60"":52,""61-240"":81,"">240"":56}",Boston,2020-10-01T00:00:00-04:00,2020-09-01T00:00:00-04:00,"{""android"":50,""ios"":83}",5149.0,Pazza on Porter,71.0,pazza on porter,23t-222@62j-sj6-qvf,250250506001.0,"{""Monday"":29,""Tuesday"":40,""Wednesday"":39,""Thursday"":32,""Friday"":39,""Saturday"":35,""Sunday"":37}","[52,47,43,42,40,39,43,50,50,55,50,46,54,58,60,52,59,57,75,67,61,61,58,55]",2128.0,251.0,133.0,MA,"{""BJ's Wholesale Club"":25,""Walgreens"":24,""Mobil"":14,""Pollo Campero"":12,""Sears Home Services"":12}","{""Dunkin'"":38,""Starbucks"":25,""Market Basket"":22,""Mobil"":20,""CVS"":18,""Target"":17,""Shaw's"":17,""Simon mall"":16,""Walgreens"":13,""Stop & Shop"":12,""T.J. Maxx"":11,""Speedway"":11,""Dick's Sporting Goods"":10,""The Home Depot"":10,""Subway"":10,""Loyal Companion"":9,""Hyatt Regency"":9,""Embassy Suites Hotels"":9,""Wendy's"":9,""Planet Fitness"":9}",,sg:b4342bd2284e4f488a5542bc0814bd87,107 Porter St,"{""US"":116}","{""250250612001"":6,""250250511013"":6,""250250505001"":5,""250173514041"":4,""250235105012"":4,""330110009011"":4,""250092105003"":4,""250251707011"":4,""250173573001"":4,""250250002013"":4,""250092513001"":4,""440050403032"":4,""250251704003"":4,""250250506002"":4,""121170213121"":4,""250056121003"":4,""250173504002"":4,""250173701013"":4,""250250504001"":4,""250250507001"":4,""250173621002"":4,""250250501012"":4,""250173505002"":4}","{""250250503002"":5,""121170213142"":5,""250250512001"":5,""250250501012"":4,""250250507001"":4,""250250506001"":4,""250250511013"":4,""250251804002"":4,""250173155006"":4,""250250511014"":4,""250277102004"":4,""250250505001"":4,""360810659001"":4,""250250107021"":4,""250214005001"":4,""250250504002"":4,""250092105004"":4,""250251802001"":4,""250250510003"":4,""290470213061"":4,""250092113001"":4,""250251702002"":4,""400272012011"":4,""250250002013"":4,""250173424002"":4,""250173514031"":4,""250056409015"":4}",{},"[4,12,11,11,9,12,8,10,12,10,11,14,11,8,8,3,5,4,9,7,6,7,8,6,13,3,7,7,11,4]"
10,Pockets Billiard Club,East Boston,10.0,1059.0,,"{""<5"":5,""5-20"":34,""21-60"":50,""61-240"":47,"">240"":16}",Boston,2020-10-01T00:00:00-04:00,2020-09-01T00:00:00-04:00,"{""android"":57,""ios"":32}",3009.0,Pockets Billiard Club,45.5,pockets billiard club,zzw-222@62j-syg-tsq,250250511011.0,"{""Monday"":19,""Tuesday"":13,""Wednesday"":35,""Thursday"":19,""Friday"":16,""Saturday"":24,""Sunday"":26}","[23,22,16,14,14,9,4,4,5,10,16,20,21,14,12,11,14,25,25,27,25,27,24,20]",2128.0,152.0,90.0,MA,"{""The Home Depot"":24,""Blue Bottle Coffee"":17,""Market Basket"":12,""BP"":9}","{""Dunkin'"":60,""Market Basket"":31,""Burger King"":23,""CVS"":23,""Mobil"":21,""Stop & Shop"":21,""Target"":19,""Starbucks"":17,""BJ's Wholesale Club"":16,""The Home Depot"":16,""McDonald's"":16,""Dollar Tree"":15,""Simon mall"":14,""Burlington"":13,""Planet Fitness"":12,""Walgreens"":12,""Subway"":11,""Wendy's"":11,""Speedway"":9,""sweetgreen"":9}",,sg:dd6d92bfd75c4351b76525f503aea580,981 Bennington St,"{""US"":80}","{""250251605021"":9,""250173504002"":6,""250250510001"":6,""250251606011"":6,""250250509011"":5,""250250511013"":5,""250214175022"":4,""330110010003"":4,""250250509013"":4,""250173413002"":4,""250214196004"":4,""250250511014"":4,""250251708004"":4,""250173399005"":4,""250251006011"":4,""250173398022"":4,""250250507001"":4,""250251705011"":4,""250173213006"":4,""250214151025"":4,""250251802004"":4,""250250203011"":4}","{""250251803014"":6,""250250511013"":5,""250250504002"":4,""250251605021"":4,""250251708004"":4,""250173398022"":4,""250173399005"":4,""250251606011"":4,""250173424001"":4,""250251707012"":4,""250250504001"":4,""250251401022"":4,""250251708002"":4,""250173213006"":4,""250251703004"":4,""250250502004"":4}",{},"[4,6,2,8,0,11,4,4,11,6,1,12,6,12,2,8,4,5,2,4,0,3,6,7,2,10,5,3,0,4]"
11,POLLOS A LA BRASA BETOS,East Boston,11.0,1060.0,,"{""<5"":2,""5-20"":44,""21-60"":23,""61-240"":21,"">240"":24}",Boston,2020-10-01T00:00:00-04:00,2020-09-01T00:00:00-04:00,"{""android"":44,""ios"":30}",3180.0,Pollos A La Brasa Betos,33.0,pollos a la brasa betos,22k-222@62j-sj7-s3q,250250507001.0,"{""Monday"":16,""Tuesday"":22,""Wednesday"":20,""Thursday"":10,""Friday"":9,""Saturday"":19,""Sunday"":18}","[14,13,11,12,11,11,12,12,17,20,19,23,22,27,26,29,31,25,23,21,15,16,13,14]",2128.0,114.0,72.0,MA,"{""United States Postal Service (USPS)"":33}","{""Dunkin'"":35,""Shaw's"":22,""Market Basket"":17,""Mobil"":16,""Walgreens"":14,""The Home Depot"":14,""BJ's Wholesale Club"":13,""7-Eleven"":13,""McDonald's"":13,""Subway"":13,""Burger King"":12,""Stop & Shop"":12,""Starbucks"":11,""Gulf Oil"":11,""Pollo Campero"":10,""sweetgreen"":8,""Marshalls"":8,""Dollar Tree"":7,""AutoZone"":7,""Wendy's"":6}",,sg:fd403b9a282b42319fb3f7e48f986708,69 Bennington St,"{""US"":59}","{""250251606011"":4,""250250502001"":4,""250250203032"":4,""250250507001"":4,""250173311022"":4,""250173364021"":4,""250251707012"":4,""250250505001"":4,""170311506003"":4,""250214012002"":4,""250250501013"":4,""250173826012"":4}","{""250251708001"":5,""250250501013"":5,""250173685002"":4,""250250509011"":4,""250173831012"":4,""330110006001"":4,""250250505001"":4,""250250501011"":4,""250250504002"":4,""250251701007"":4,""250251707023"":4,""250173424004"":4,""330150560001"":4,""250250502001"":4,""250214001003"":4,""250251707012"":4,""250250511011"":4}",{},"[5,6,0,1,4,4,1,2,2,5,3,4,3,8,2,4,1,3,5,4,1,4,5,4,2,6,7,6,9,3]"
12,Taqueria Jalisco,East Boston,12.0,1072.0,,"{""<5"":0,""5-20"":10,""21-60"":7,""61-240"":3,"">240"":14}",Boston,2020-10-01T00:00:00-04:00,2020-09-01T00:00:00-04:00,"{""android"":19,""ios"":10}",10022.0,Taqueria Jalisco,63.0,taqueria jalisco,24b-222@62j-syg-j7q,250250509011.0,"{""Monday"":4,""Tuesday"":7,""Wednesday"":5,""Thursday"":3,""Friday"":4,""Saturday"":5,""Sunday"":6}","[10,10,10,10,10,10,12,15,15,14,16,12,14,9,8,7,5,4,6,2,6,9,10,10]",2128.0,34.0,30.0,MA,{},"{""Dunkin'"":37,""CVS"":26,""Market Basket"":20,""Sunoco"":18,""The Home Depot"":18,""BJ's Wholesale Club"":16,""Stop & Shop"":13,""Staples"":12,""Burger King"":12,""Dick's Sporting Goods"":12,""Walgreens"":12,""Simon mall"":12,""Mobil"":11,""Domino's Pizza"":9,""Dollar Tree"":8,""BP"":7,""Shell Oil"":7,""Expressions Shoes "":7,""Legal Sea Foods"":7,""Friendly's"":7}",,sg:153fb471efec4b0fbed7cf1abf158bc2,291 Bennington St,"{""US"":22}","{""250251707023"":6,""250092531003"":4,""250250610003"":4,""250251702001"":4,""250250711011"":4,""250138121042"":4}","{""250250503001"":4,""330150035003"":4,""250173537003"":4,""250214021014"":4}",{},"[0,2,0,0,1,3,0,4,0,1,1,1,1,2,0,2,2,0,2,0,2,1,0,0,3,1,2,0,2,1]"
13,Tawakal Halal Cafe,East Boston,13.0,1073.0,,"{""<5"":9,""5-20"":92,""21-60"":44,""61-240"":37,"">240"":21}",Boston,2020-10-01T00:00:00-04:00,2020-09-01T00:00:00-04:00,"{""android"":67,""ios"":58}",21886.0,Tawakal Halal Cafe,21.0,tawakal halal cafe,22n-222@62j-sj6-mhq,250250512002.0,"{""Monday"":29,""Tuesday"":28,""Wednesday"":30,""Thursday"":27,""Friday"":34,""Saturday"":27,""Sunday"":28}","[17,15,15,12,14,14,12,13,18,21,27,30,30,31,33,36,33,36,24,18,18,12,16,16]",2128.0,203.0,125.0,MA,"{""Subway"":19,""7-Eleven"":16,""Enterprise Rent-A-Car"":14,""Shaw's"":11,""Cumberland Farms"":11,""YMCA"":11,""Starbucks"":9}","{""Dunkin'"":37,""Starbucks"":22,""McDonald's"":19,""Mobil"":18,""Cumberland Farms"":17,""Market Basket"":17,""The Home Depot"":15,""CVS"":13,""Shell Oil"":13,""Walgreens"":12,""Stop & Shop"":12,""BJ's Wholesale Club"":11,""7-Eleven"":11,""Irving Oil"":10,""Sunoco"":10,""Burger King"":10,""Target"":8,""Wendy's"":8,""Speedway"":7,""KFC"":7}",,sg:1a2a581a9f57482fa7ec77bd4445d355,389 Maverick St,"{""US"":110}","{""250250503001"":4,""250173401004"":4,""250056134001"":4,""250250103002"":4,""250251708001"":4,""250250919002"":4,""250259813002"":4,""250250510002"":4,""330110162021"":4,""250092531003"":4,""230099667001"":4,""250010153002"":4,""060379010042"":4,""250250512002"":4,""250173534002"":4,""250251601012"":4,""250251304024"":4,""250250507003"":4,""250173422012"":4}","{""250251705011"":7,""250250511014"":5,""250173154021"":5,""250277441014"":4,""250277318003"":4,""250214203025"":4,""250173515002"":4,""250214179011"":4,""060730166062"":4,""250235062031"":4,""250251010022"":4,""250259813002"":4,""250173422012"":4,""060590755154"":4,""250250512002"":4,""250056461033"":4,""250251606023"":4,""080310043023"":4,""250173701014"":4,""361090002001"":4,""250250504002"":4,""490439643073"":4,""250173322001"":4,""250251708001"":4,""250214163002"":4,""250214224003"":4}",{},"[5,4,4,10,4,6,12,9,6,7,8,8,5,10,8,10,7,8,11,10,6,2,3,9,8,4,7,1,4,7]"
14,The Quiet Few,East Boston,14.0,1075.0,,"{""<5"":3,""5-20"":23,""21-60"":8,""61-240"":10,"">240"":35}",Boston,2020-10-01T00:00:00-04:00,2020-09-01T00:00:00-04:00,"{""android"":20,""ios"":21}",3894.0,The Quiet Few,115.0,the quiet few,235-222@62j-sj6-nwk,250250504002.0,"{""Monday"":7,""Tuesday"":13,""Wednesday"":11,""Thursday"":11,""Friday"":13,""Saturday"":14,""Sunday"":10}","[23,23,25,23,22,21,20,22,20,18,22,20,23,21,20,18,14,14,12,10,19,20,22,20]",2128.0,79.0,44.0,MA,"{""Crunch"":25}","{""Dunkin'"":31,""Mobil"":25,""Stop & Shop"":25,""CVS"":21,""Shaw's"":20,""Market Basket"":20,""Target"":16,""Starbucks"":15,""McDonald's"":14,""Petco"":13,""Dollar Tree"":11,""BJ's Wholesale Club"":11,""The Home Depot"":11,""Simon mall"":10,""Burger King"":9,""Ocean State Job Lot"":9,""sweetgreen"":9,""Cumberland Farms"":9,""Family Dollar Stores"":9,""CITGO"":8}",,sg:934083f1c8824bb28ad45b41b82a2797,331 Sumner St,"{""US"":37}","{""250250503001"":8,""250251606012"":4,""250250504002"":4,""250173662022"":4,""250092084004"":4,""250250008025"":4,""250250608002"":4,""250214196004"":4,""250250510003"":4,""250056314001"":4,""250056421001"":4,""250251803013"":4,""250250512001"":4}","{""250214196004"":5,""250250510001"":4,""250251606012"":4,""250092084004"":4,""250250606001"":4,""250250504002"":4,""250250512001"":4,""250235021011"":4,""250251707011"":4}",{},"[4,2,3,5,2,3,3,3,3,5,5,1,4,1,4,3,0,2,6,3,1,0,3,3,1,5,0,2,2,0]"
15,Tu Metapan Restaurant,East Boston,15.0,1078.0,,"{""<5"":1,""5-20"":19,""21-60"":23,""61-240"":11,"">240"":0}",Boston,2020-10-01T00:00:00-04:00,2020-09-01T00:00:00-04:00,"{""android"":20,""ios"":22}",5617.0,Tu Metapan Restaurant,27.5,tu metapan restaurant,234-222@62j-syg-j7q,250250509011.0,"{""Monday"":6,""Tuesday"":7,""Wednesday"":10,""Thursday"":9,""Friday"":10,""Saturday"":8,""Sunday"":4}","[0,0,0,0,0,0,0,0,4,11,8,7,4,5,4,4,10,12,9,6,4,3,1,0]",2128.0,54.0,44.0,MA,"{""BP"":99,""Starbucks"":98}","{""Dunkin'"":44,""Target"":41,""Market Basket"":29,""Mobil"":28,""Burger King"":27,""Starbucks"":27,""McDonald's"":23,""Speedway"":21,""CVS"":21,""Stop & Shop"":20,""Marshalls"":20,""Shell Oil"":18,""Wendy's"":18,""The Home Depot"":17,""Simon mall"":16,""Sunoco"":16,""T.J. Maxx"":16,""Loyal Companion"":16,""Dollar Tree"":15,""Walmart"":15}",,sg:f3952522e13a4febb02cdbed43d6f508,295 Bennington St,"{""US"":41}","{""250250511012"":4,""250251601015"":4,""250250501013"":4,""250173501041"":4,""250173152003"":4}","{""250251707021"":4,""250251601015"":4,""250250509013"":4,""250250511013"":4,""250250819001"":4,""250251603002"":4,""250251703006"":4}",{},"[5,1,5,5,0,2,4,2,1,1,1,1,0,0,0,1,1,2,4,1,1,0,4,2,2,3,1,1,0,3]"
16,Bailey's Too,South Boston,16.0,1580.0,,"{""<5"":0,""5-20"":2,""21-60"":2,""61-240"":0,"">240"":1}",Boston,2020-10-01T00:00:00-04:00,2020-09-01T00:00:00-04:00,"{""android"":0,""ios"":6}",9152.0,Bailey's Too,22.0,bailey's too,242-222@62j-shy-vj9,250250606001.0,"{""Monday"":0,""Tuesday"":0,""Wednesday"":1,""Thursday"":1,""Friday"":1,""Saturday"":0,""Sunday"":2}","[0,0,0,0,0,0,0,0,0,0,1,1,1,1,1,2,1,1,0,0,1,1,0,0]",2127.0,5.0,5.0,MA,{},"{""Costco Wholesale Corp."":56,""Starbucks"":53,""Edible Arrangements"":40,""The Salvation Army"":40,""Family Dollar Stores"":37,""Dunkin'"":37,""Target"":33,""McDonald's"":27,""Btone Fitness"":20,""Vocelli Pizza"":20,""HD Supply"":20,""D'Angelo Sandwich Shops"":20,""Bonchon"":20,""National Car Rental"":20,""Maggiano's Little Italy"":20,""99 Restaurants"":20,""sweetgreen"":20,""Build A Bear Workshop"":20,""Boston Market"":20,""Macy's"":20}",,sg:b91a0dbb75594a278bc05496e2c8db6a,354 W Broadway,"{""US"":5}","{""090034969007"":4}","{""250250606001"":4}",{},"[0,0,0,0,0,0,0,0,0,1,1,0,1,0,0,1,0,0,0,0,0,0,0,0,0,0,1,0,0,0]"
17,Best Dressed,South Boston,17.0,1582.0,,"{""<5"":4,""5-20"":24,""21-60"":13,""61-240"":17,"">240"":11}",Boston,2020-10-01T00:00:00-04:00,2020-09-01T00:00:00-04:00,"{""android"":9,""ios"":19}",18479.0,Best Dressed,34.0,best dressed,23s-222@62j-sjk-dy9,250250604005.0,"{""Monday"":6,""Tuesday"":9,""Wednesday"":10,""Thursday"":12,""Friday"":14,""Saturday"":11,""Sunday"":7}","[7,6,6,6,6,6,6,7,6,7,9,9,10,16,17,18,17,7,9,9,7,10,7,9]",2127.0,69.0,30.0,MA,{},"{""Dunkin'"":33,""BJ's Wholesale Club"":26,""Stop & Shop"":20,""Market Basket"":17,""Starbucks"":16,""Mobil"":15,""Target"":13,""Dollar Tree"":12,""PetSmart"":12,""Cumberland Farms"":10,""Wegmans Food Markets"":10,""Toyota"":9,""Petco"":9,""CVS"":9,""GameStop"":8,""Goodwill Industries"":8,""Legal Sea Foods"":7,""D'Angelo Sandwich Shops"":7,""Duluth Trading"":7,""Hannaford Supermarkets"":6}",,sg:0306fb5e835840dfb7cbd144174e0313,489 E Broadway,"{""US"":20}","{""250250604005"":5,""250059856001"":4,""250138133041"":4,""250277271001"":4}","{""250056134001"":5,""250250604001"":4,""250277191002"":4,""250214177014"":4,""390490042001"":4}",{},"[2,4,5,5,2,1,3,4,1,2,5,0,2,0,0,1,5,2,6,3,2,1,3,0,2,3,1,1,2,1]"
18,Covet,South Boston,18.0,1590.0,,"{""<5"":0,""5-20"":6,""21-60"":8,""61-240"":2,"">240"":2}",Boston,2020-10-01T00:00:00-04:00,2020-09-01T00:00:00-04:00,"{""android"":0,""ios"":21}",6430.0,Covet,32.5,covet,22c-222@62j-sjk-jjv,250250608003.0,"{""Monday"":1,""Tuesday"":2,""Wednesday"":2,""Thursday"":3,""Friday"":3,""Saturday"":4,""Sunday"":3}","[2,2,0,0,0,0,1,2,0,0,1,3,3,3,5,2,0,3,4,1,2,1,1,2]",2127.0,18.0,18.0,MA,"{""Boys & Girls Clubs of America"":100}","{""Dunkin'"":41,""Market Basket"":28,""Stop & Shop"":27,""Starbucks"":26,""Target"":21,""Kohl's"":20,""T.J. Maxx"":20,""sweetgreen"":17,""McDonald's"":14,""Burger King"":12,""CVS"":12,""Chick-fil-A"":11,""Subway"":11,""Btone Fitness"":11,""Regina Pizzeria"":11,""Bluestone Lane"":11,""Loyal Companion"":11,""Cumberland Farms"":11,""Edible Arrangements"":11,""Boys & Girls Clubs of America"":11}",,sg:e44fc887cac5495195d4b267e6955a13,391 W Broadway,"{""US"":17}","{""250214051003"":4,""250250608001"":4,""250250608003"":4,""250092211003"":4}","{""250250604003"":12,""250250608001"":5,""360610044008"":4,""250173412006"":4,""250214051003"":4,""250250907002"":4,""250173514032"":4}",{},"[2,0,1,2,0,0,0,0,0,1,0,2,0,0,0,1,1,0,1,2,1,0,1,0,1,1,1,0,0,0]"
19,Covet,South Boston,19.0,1590.0,,"{""<5"":0,""5-20"":6,""21-60"":1,""61-240"":0,"">240"":0}",Boston,2020-10-01T00:00:00-04:00,2020-09-01T00:00:00-04:00,"{""android"":4,""ios"":4}",11834.0,Covet,18.0,covet,237-223@62j-shx-pvz,250250201014.0,"{""Monday"":3,""Tuesday"":0,""Wednesday"":2,""Thursday"":0,""Friday"":1,""Saturday"":1,""Sunday"":0}","[0,0,0,0,0,0,0,0,0,1,2,3,1,1,0,1,0,1,0,0,0,0,0,0]",2114.0,7.0,7.0,MA,{},"{""Dunkin'"":68,""Mobil"":55,""Market Basket"":43,""T.J. Maxx"":41,""McDonald's"":29,""Element by Westin"":29,""American Family Care"":29,""The Learning Experience"":29,""Omni Hotels & Resorts"":29,""Columbia Sportswear"":29,""Papa Gino's"":29,""The Container Store"":29,""Irving Oil"":28,""Hannaford Supermarkets"":28,""Marshalls"":28,""Simon mall"":27,""Walgreens"":23,""Starbucks"":21,""Design Within Reach (DWR)"":14,""VERC"":14}",,sg:f4547dd11e2d4d1faa807b05ed0e94a2,109 Charles St,"{""US"":7}","{""250250202002"":4,""250251707024"":4,""250092544022"":4}","{""250251707024"":4}",{},"[0,0,0,0,0,0,2,0,0,0,0,0,0,0,0,0,0,0,0,0,0,0,1,0,1,1,0,1,0,1]"
20,East Side Yoga and Fitness,South Boston,20.0,1595.0,,"{""<5"":3,""5-20"":28,""21-60"":52,""61-240"":59,"">240"":17}",Boston,2020-10-01T00:00:00-04:00,2020-09-01T00:00:00-04:00,"{""android"":24,""ios"":60}",1313.0,East Side Yoga and Fitness,58.0,east side yoga and fitness,23f-222@62j-sjk-j7q,250250605012.0,"{""Monday"":23,""Tuesday"":24,""Wednesday"":21,""Thursday"":28,""Friday"":13,""Saturday"":25,""Sunday"":25}","[13,11,8,8,8,15,22,15,14,13,17,20,18,19,29,35,32,25,21,15,34,45,38,10]",2127.0,159.0,83.0,MA,"{""Walmart"":17,""Planet Fitness"":12}","{""Dunkin'"":13,""Stop & Shop"":9,""Loyal Companion"":6,""Market Basket"":6,""Party City"":5}",,sg:972439a20287446da346134e01550083,584 E Broadway,"{""US"":55}","{""250250604005"":7,""250251008004"":5,""250250502002"":4,""250251706011"":4,""250250604001"":4,""250250711011"":4,""250250608002"":4,""250250612001"":4,""250250703002"":4,""250250610001"":4,""250250401002"":4}","{""250250605012"":11,""250250907001"":4,""250250401002"":4,""250250604005"":4,""250250605014"":4,""250251008004"":4,""250173587002"":4,""250173421023"":4,""250250608002"":4}",{},"[6,3,9,2,4,4,2,4,6,9,8,10,5,7,5,5,4,2,3,9,6,3,3,6,1,8,7,8,6,4]"
21,Gaelic Day Spa & Salon,South Boston,21.0,1597.0,,"{""<5"":0,""5-20"":0,""21-60"":2,""61-240"":1,"">240"":6}",Boston,2020-10-01T00:00:00-04:00,2020-09-01T00:00:00-04:00,"{""android"":0,""ios"":5}",,Gaelic Day Spa & Salon,424.0,gaelic day spa & salon,22s-222@62j-sjk-jjv,250250608003.0,"{""Monday"":0,""Tuesday"":2,""Wednesday"":3,""Thursday"":1,""Friday"":1,""Saturday"":2,""Sunday"":0}","[0,0,0,0,0,0,0,0,0,1,4,4,6,8,7,7,7,5,5,4,0,0,0,0]",2127.0,9.0,4.0,MA,{},"{""Loyal Companion"":50,""Stop & Shop"":50,""Petco"":49,""Dunkin'"":47,""CVS"":46,""Star Market"":25,""Gold's Gym"":25,""sweetgreen"":25,""Bed Bath & Beyond"":25,""Party City"":24,""Kohl's"":23,""T.J. Maxx"":23,""Speedway"":23,""Costco Wholesale Corp."":21,""Burger King"":21,""Walgreens"":20,""The Home Depot"":20,""Subway"":20,""Target"":18,""McDonald's"":12}",,sg:c633638260ab488c925dbd8ceccb0599,389 W Broadway,"{""US"":4}","{""250250603012"":4}",{},{},"[0,1,1,0,1,0,0,1,1,0,0,1,0,0,0,1,0,0,0,0,0,0,0,0,1,0,0,0,1,0]"
22,Java House,South Boston,22.0,1603.0,,"{""<5"":4,""5-20"":41,""21-60"":19,""61-240"":24,"">240"":40}",Boston,2020-10-01T00:00:00-04:00,2020-09-01T00:00:00-04:00,"{""android"":13,""ios"":36}",6650.0,Java House,58.5,java house,24g-223@62j-sjk-j7q,250250605013.0,"{""Monday"":11,""Tuesday"":18,""Wednesday"":21,""Thursday"":23,""Friday"":15,""Saturday"":14,""Sunday"":26}","[26,29,29,32,32,34,34,29,31,26,23,19,20,22,28,28,27,27,16,13,14,19,23,23]",2127.0,128.0,51.0,MA,"{""CVS"":19}","{""Dunkin'"":42,""Wendy's"":17,""Loyal Companion"":16,""T.J. Maxx"":16,""BJ's Wholesale Club"":15,""Starbucks"":14,""Target"":13,""The Home Depot"":12,""sweetgreen"":12,""Stop & Shop"":11,""Burger King"":11,""CVS"":11,""Sunoco"":10,""Market Basket"":10,""United States Postal Service (USPS)"":10,""Petco"":9,""Mobil"":8,""Marshalls"":7,""CrossFit"":7,""McDonald's"":6}",,sg:df025f379ed040ec8fc2576ec95a90a6,566 E Broadway,"{""US"":39}","{""250214173001"":7,""250250104051"":6,""250250605012"":5,""250250604005"":5,""250250820003"":4,""250251201051"":4,""250250703002"":4}","{""250173872023"":8,""361090012001"":6,""132231201022"":4,""230050021011"":4,""250250604005"":4,""250214181012"":4,""360670151002"":4,""250250820003"":4}",{},"[3,5,8,6,3,3,4,6,6,9,3,3,5,3,4,6,5,3,6,8,2,3,3,1,3,2,10,2,2,1]"
23,L Street Tavern,South Boston,23.0,1609.0,,"{""<5"":1,""5-20"":23,""21-60"":12,""61-240"":15,"">240"":35}",Boston,2020-10-01T00:00:00-04:00,2020-09-01T00:00:00-04:00,"{""android"":14,""ios"":28}",10401.0,L Street Tavern,95.5,l street tavern,zzw-222@62j-sjk-26k,250250603012.0,"{""Monday"":14,""Tuesday"":11,""Wednesday"":13,""Thursday"":11,""Friday"":14,""Saturday"":6,""Sunday"":17}","[28,28,28,29,29,29,29,30,31,31,34,35,31,29,26,25,19,20,11,11,16,20,24,27]",2127.0,86.0,42.0,MA,"{""Starbucks"":98}","{""Dunkin'"":37,""Starbucks"":19,""Cumberland Farms"":16,""Loyal Companion"":14,""Mobil"":12,""Staples"":11,""Chipotle Mexican Grill"":10,""GameStop"":10,""Shell Oil"":10,""Speedway"":10,""Legal Sea Foods"":10,""Simon mall"":8,""Target"":8,""Burger King"":7,""7-Eleven"":7,""Regina Pizzeria"":7,""Dollar Tree"":7,""Stop & Shop"":7,""Marshalls"":6,""Subway"":6}",,sg:a6c088cb5fe8415e9ee3821993efb284,195 L St,"{""US"":33}","{""250173241023"":4,""250277411024"":4,""250250604003"":4,""250250601011"":4}","{""250158214003"":4,""250250603012"":4,""250251102011"":4,""250173840021"":4,""250250604003"":4,""250173501031"":4}",{},"[2,1,2,1,1,3,3,3,3,6,4,3,6,4,1,1,1,6,1,1,3,2,4,2,3,1,7,4,3,4]"
24,L Street Tavern,South Boston,24.0,1609.0,,"{""<5"":1,""5-20"":15,""21-60"":26,""61-240"":31,"">240"":28}",Boston,2020-10-01T00:00:00-04:00,2020-09-01T00:00:00-04:00,"{""android"":10,""ios"":43}",2204.0,L Street Tavern,91.0,l street tavern,283-222@62j-sjk-26k,250250603012.0,"{""Monday"":7,""Tuesday"":9,""Wednesday"":18,""Thursday"":21,""Friday"":14,""Saturday"":19,""Sunday"":13}","[19,18,17,19,19,19,20,22,24,24,22,25,24,26,21,22,18,22,28,21,20,26,28,25]",2127.0,101.0,55.0,MA,"{""Starbucks"":48}","{""Dunkin'"":27,""Stop & Shop"":18,""Starbucks"":13,""BJ's Wholesale Club"":10,""Target"":10,""Chipotle Mexican Grill"":9,""Loyal Companion"":9,""Mobil"":9,""Boys & Girls Clubs of America"":9,""Shell Oil"":8,""Planet Fitness"":8,""Trader Joe's"":7,""Staples"":6,""Panera Bread"":6,""Legal Sea Foods"":5,""Sunoco"":5,""Market Basket"":5,""Hyatt Place"":5,""T.J. Maxx"":5,""7-Eleven"":5}",,sg:d964324e5ab344999abfe34f131112bf,658A E 8th St,"{""US"":43}","{""210150704023"":6,""250214111005"":4,""250259812021"":4,""250214023003"":4,""250251803014"":4,""250250603011"":4,""250250604003"":4,""250173415003"":4}","{""090034771013"":4,""250250601011"":4,""250250605014"":4,""250214173001"":4,""250235001041"":4,""250173415003"":4,""060730170472"":4,""250250604003"":4,""250250602002"":4,""250214227004"":4,""250250602001"":4}",{},"[0,5,2,1,2,2,4,4,5,5,4,9,3,1,1,2,10,4,5,5,1,3,4,4,5,3,3,1,1,2]"
25,Luxe Leisure,South Boston,25.0,1616.0,,"{""<5"":1,""5-20"":3,""21-60"":2,""61-240"":1,"">240"":1}",Boston,2020-10-01T00:00:00-04:00,2020-09-01T00:00:00-04:00,"{""android"":7,""ios"":6}",6992.0,Luxe Leisure,15.0,luxe leisure,zzy-222@62j-sjk-h5z,250250604001.0,"{""Monday"":0,""Tuesday"":1,""Wednesday"":4,""Thursday"":2,""Friday"":0,""Saturday"":0,""Sunday"":1}","[1,1,1,1,1,1,1,1,1,1,1,3,3,2,3,1,4,2,1,1,0,0,0,1]",2127.0,8.0,7.0,MA,{},"{""Dunkin'"":39,""Wegmans Food Markets"":28,""Party City"":28,""Marshalls"":28,""Petco"":27,""CVS"":24,""Starbucks"":21,""C2 Pilates"":14,""Partners Urgent Care"":14,""Regina Pizzeria"":14,""Barcelona Wine Bar & Restaurant"":14,""SLT"":14,""Legal Sea Foods"":14,""Not Your Average Joe's"":14,""Regal Nails Salon & Spa"":14,""Del Frisco's Grille"":14,""Eddie V's Prime Seafood"":14,""Blue Bottle Coffee"":14,""Gyu-Kaku"":14,""Kimpton Hotels & Restaurants"":14}",,sg:f8091af0b67f46099de86e0c9801ff58,553 East Boadway,"{""US"":4}",{},"{""250251102011"":4,""250173585001"":4}",{},"[0,1,1,0,0,0,0,0,2,0,0,0,0,0,1,0,1,0,0,0,0,0,1,0,0,0,1,0,0,0]"
26,On The Edge Nutrition,South Boston,26.0,1624.0,,"{""<5"":6,""5-20"":36,""21-60"":30,""61-240"":34,"">240"":38}",Boston,2020-10-01T00:00:00-04:00,2020-09-01T00:00:00-04:00,"{""android"":22,""ios"":42}",5329.0,On The Edge Nutrition,60.5,on the edge nutrition,22b-223@62j-sjq-2kz,250250612003.0,"{""Monday"":22,""Tuesday"":34,""Wednesday"":20,""Thursday"":16,""Friday"":19,""Saturday"":13,""Sunday"":20}","[23,24,25,24,26,26,24,35,37,35,37,43,44,35,31,29,28,30,31,26,30,31,37,27]",2127.0,144.0,66.0,MA,"{""Dunkin'"":28,""Burger King"":14}","{""Dunkin'"":47,""CVS"":23,""McDonald's"":21,""Loyal Companion"":21,""Stop & Shop"":21,""Mobil"":21,""Target"":17,""Planet Fitness"":17,""Burger King"":17,""7-Eleven"":15,""Speedway"":15,""Walgreens"":13,""CrossFit"":13,""Walmart"":12,""BJ's Wholesale Club"":11,""Cumberland Farms"":10,""T.J. Maxx"":10,""Starbucks"":9,""Panera Bread"":9,""sweetgreen"":9}",,sg:54c34c021a0546e38184eed8ecba1c65,283 Old Colony Ave,"{""US"":57}","{""250235112004"":5,""250250503002"":5,""250250612003"":5,""360610271001"":4,""250214021023"":4,""250250610003"":4,""250251001004"":4,""250251010022"":4,""250235105031"":4,""250173417001"":4,""250251001002"":4,""250138011011"":4}","{""250277075003"":9,""250250612003"":4,""250250610003"":4,""250173414004"":4,""250251006014"":4,""250251001004"":4,""250214175022"":4,""250214176022"":4,""250214196002"":4,""250092114011"":4,""250214134021"":4,""250250813003"":4}",{},"[5,6,7,8,1,5,5,2,3,1,5,2,5,3,8,1,2,1,4,3,8,10,4,6,5,6,7,6,9,6]"
27,Sarra,South Boston,27.0,1631.0,,"{""<5"":0,""5-20"":10,""21-60"":0,""61-240"":0,"">240"":1}",Boston,2020-10-01T00:00:00-04:00,2020-09-01T00:00:00-04:00,"{""android"":5,""ios"":7}",14311.0,Sarra,10.0,sarra,23q-222@62j-sjm-6hq,250250605014.0,"{""Monday"":1,""Tuesday"":3,""Wednesday"":3,""Thursday"":1,""Friday"":1,""Saturday"":1,""Sunday"":1}","[0,0,0,0,0,0,0,0,1,3,3,2,1,2,2,3,1,1,0,0,0,0,0,0]",2127.0,11.0,10.0,MA,{},"{""Dunkin'"":57,""C2 Pilates"":40,""CVS"":36,""McDonald's"":27,""Walgreens"":25,""Starbucks"":23,""Davio's Northern Italian Steakhouse"":20,""B.GOOD"":20,""Atria Senior Living"":20,""Loyal Companion"":20,""sweetgreen"":20,""Barnes and Noble"":19,""BJ's Wholesale Club"":19,""Best Buy"":19,""Five Below"":19,""Applebee's"":19,""Sunoco"":18,""T.J. Maxx"":18,""Family Dollar Stores"":17,""Burger King"":16}",,sg:81a5aea121884dd29a813421b1dc4ede,840 Summer St Ste 2,"{""US"":8}","{""250214175012"":4,""250250607002"":4}","{""250235423001"":4,""250277311021"":4}",{},"[1,2,0,1,0,1,0,0,1,1,0,0,0,0,0,0,0,0,1,0,1,1,0,0,0,0,0,0,1,0]"
28,South Boston Yoga,South Boston,28.0,1639.0,,"{""<5"":0,""5-20"":6,""21-60"":8,""61-240"":12,"">240"":4}",Boston,2020-10-01T00:00:00-04:00,2020-09-01T00:00:00-04:00,"{""android"":4,""ios"":19}",7013.0,South Boston Yoga,73.5,south boston yoga,224-222@62j-shz-6kz,250250612001.0,"{""Monday"":2,""Tuesday"":4,""Wednesday"":4,""Thursday"":4,""Friday"":7,""Saturday"":5,""Sunday"":4}","[7,5,4,3,3,3,3,4,5,6,4,6,5,2,2,1,1,3,6,6,4,4,6,4]",2127.0,30.0,23.0,MA,"{""The Home Depot"":24}","{""Starbucks"":32,""Dunkin'"":31,""Stop & Shop"":26,""CVS"":22,""Speedway"":20,""Cambria Suites"":17,""Market Basket"":17,""The Home Depot"":16,""Panera Bread"":16,""Target"":15,""Star Market"":13,""Irving Oil"":13,""CrossFit"":12,""Sunoco"":11,""Mobil"":11,""Legal Sea Foods"":9,""Loyal Companion"":9,""Shaw's"":9,""Restaurant Depot"":9,""sweetgreen"":9}",,sg:5ca57c9bd7bb4c14a6c17606d84152fc,36 W Broadway,"{""US"":22}","{""250235041013"":4,""250250612001"":4,""250250107021"":4,""250250511014"":4}","{""250250612001"":4,""250214191001"":4,""250214197002"":4}",{},"[1,2,1,2,2,1,1,0,0,1,1,1,0,1,1,0,1,4,1,3,0,0,2,1,0,1,0,0,2,0]"
29,The Spot Clothing,South Boston,29.0,1645.0,,"{""<5"":3,""5-20"":12,""21-60"":7,""61-240"":6,"">240"":1}",Boston,2020-10-01T00:00:00-04:00,2020-09-01T00:00:00-04:00,"{""android"":8,""ios"":18}",7487.0,The Spot Clothing,20.0,the spot clothing,22d-222@62j-sjp-tsq,250250612002.0,"{""Monday"":6,""Tuesday"":3,""Wednesday"":2,""Thursday"":4,""Friday"":5,""Saturday"":6,""Sunday"":3}","[1,1,1,0,1,1,1,1,2,4,6,6,6,3,2,4,5,6,4,0,0,0,0,0]",2127.0,29.0,28.0,MA,{},"{""Dunkin'"":39,""Starbucks"":25,""Shell Oil"":18,""CVS"":13,""Target"":11,""Legal Sea Foods"":11,""Shake Shack"":11,""Cumberland Farms"":10,""CrossFit"":10,""Mobil"":9,""7-Eleven"":9,""Speedway"":9,""Garbanzo Fresh Mediterranean"":7,""Clarks"":7,""Loyal Companion"":7,""Yard House"":7,""REI"":7,""The Cheesecake Factory"":7,""Cold Stone Creamery"":7,""Pet Supplies Plus"":7}",,sg:d9a42186a1624eaab2361bdfc39b5840,380 Dorchester Ave,"{""US"":26}","{""250250608003"":4,""250251404004"":4,""250235221013"":4,""250250603011"":4,""250250909012"":4,""360790104001"":4}","{""250173567021"":4,""250250005021"":4,""250251404004"":4,""250250808011"":4,""250235051023"":4,""250250007043"":4,""360790104001"":4,""250250605014"":4,""360610247005"":4}",{},"[2,0,2,1,3,2,1,1,0,0,2,2,0,3,0,1,0,0,0,0,1,0,1,2,2,1,1,1,0,0]"
30,Pete's Dockside,South Boston Waterfront,30.0,1672.0,,"{""<5"":1,""5-20"":44,""21-60"":34,""61-240"":32,"">240"":9}",Boston,2020-10-01T00:00:00-04:00,2020-09-01T00:00:00-04:00,"{""android"":40,""ios"":29}",14170.0,Pete's Dockside,30.0,pete's dockside,zzw-222@62j-shz-kj9,250250606001.0,"{""Monday"":12,""Tuesday"":26,""Wednesday"":25,""Thursday"":17,""Friday"":20,""Saturday"":13,""Sunday"":7}","[6,6,3,5,16,16,11,10,13,20,20,17,19,20,17,11,10,9,9,6,10,10,10,7]",2210.0,120.0,70.0,MA,{},"{""Dunkin'"":39,""The Home Depot"":26,""Mobil"":22,""sweetgreen"":20,""Market Basket"":18,""CVS"":17,""Stop & Shop"":15,""Target"":15,""Starbucks"":14,""Shell Oil"":13,""Cumberland Farms"":13,""McDonald's"":12,""Dollar Tree"":12,""Irving Oil"":11,""Sunoco"":11,""Speedway"":11,""T.J. Maxx"":9,""Ocean State Job Lot"":8,""Gulf Oil"":8,""Lowe's"":8}",,sg:ed973de70e854298ba56672982814c9d,12 Channel St,"{""US"":59}","{""250250906002"":4,""250235113021"":4,""250251801011"":4,""250250612003"":4,""250251402022"":4,""250250911004"":4,""250251803014"":4,""250173184001"":4,""330110023001"":4}","{""330039551003"":4,""250173353012"":4,""250251201031"":4,""250092525024"":4,""250214021022"":4,""250251404004"":4,""250214401005"":4,""250214201004"":4,""250173172032"":4,""250214179023"":4,""250214197001"":4}",{},"[9,3,7,2,1,2,2,6,5,2,8,3,2,2,3,4,4,5,5,1,4,3,5,4,5,4,2,4,5,8]"
