Business Name,Business Zip Code,Neighborhood
"""EverythingIsReal!"" - Hair Care Center LLC",02119,Roxbury
@UNION,02134,Allston
4Star Dance Studio,02121,Dorchester
7 RESTAURANT,02132,West Roxbury
40 South St. Vintage,02130,Jamaica Plain
463 Beacon Guest House ,02115,Back Bay
1855 inc,02116,Downtown / Financial District / Leather District
A Plus Cleaners,02114,Beacon Hill
A&E Hardware,02128,East Boston
A2C Productions,02134,Allston
Absolute Massage,02109,Downtown / Financial District / Leather District
Acupuncture for Everyone,02116,Back Bay
Adams Fish Market,02124,Dorchester
Adela’s hair studio,02114,Beacon Hill
Adelas Bakery,02128,East Boston
African Elegance Hair Braiding and Weavi,02124,Dorchester
Afroditi's Laundromat,02128,East Boston
agostino salon inc,02114,Beacon Hill
Aidan's Barbershop,02124,Dorchester
Aiyara Thai Massage & Wellness,02116,Back Bay
Ajeen,02134,Allston
AKA FERNANDEZ COUSINS GROCERY,02124,Dorchester
Akasha Studio,02131,Roslindale
Alan Rouleau Couture/custom tailor clothing/alterations,02116,Back Bay
AlbertStyle Barbershop,02124,Dorchester
Aldrich Cleaners,02131,Roslindale
Alex’s Studio Salon and Barbershop,02125,Dorchester
Alida FAMILY DAY CARE,02136,Hyde Park
Alma C Olivares,02128,East Boston
Althea's Head to Toe Salon,02126,Mattapan
American Academy of Personal Training,02116,Back Bay
American Cleaners,02124,Dorchester
American Drycleaners,02114,Beacon Hill
American Provisions,02127,South Boston
Amity Dental Center,02135,Brighton
Amorino Gelato,02116,Back Bay
AMP Fitness,02108,Downtown / Financial District / Leather District
Amy Dancz Voice Studio,02108,Downtown / Financial District / Leather District
Andrew Place Laundry,02127,South Boston
Anfa Barber Shop LLC,02115,Back Bay
ANGELA'SUNISEXSALON,02130,Jamaica Plain
Anna's Nail Design,02124,Dorchester
Anna’s Cafe,02129,Charlestown
Anthony's Market,02128,East Boston
Anthony’s cafe,02109,North End
Anthrofit Training/Back Bay Fitness,02215,Back Bay
Aquabella Boston,02128,East Boston
Aracelis Family Daycare,02124,Dorchester
Arandia & Meola Dental Group,02135,Brighton
"Arbit Chiropactic, LLC.",02136,Hyde Park
"Area 51 Majorette Dance Team, Inc",02136,Hyde Park
ARIF GROUP INC,02121,Dorchester
ARIS Inc,02109,Downtown / Financial District / Leather District
ARTEFACT INC,02118,South End
Aruna Beauty Center,02122,Dorchester
ASCIA FOODS LLC,02120,Roxbury
Asia Wok,02134,Allston
Associates & Leisure LLC,02116,Downtown / Financial District / Leather District
"Athens Dry Cleaners, Inc",02124,Dorchester
Atlantic Ave Dental Group,02111,Downtown / Financial District / Leather District
Auntie Vi's Restaurant & Bakery,02125,Dorchester
Awesome Nails Plus,02124,Dorchester
Awesome Tan Nails & Spa,02446,Fenway / Kenmore / LMA
AXL Cycle Studio,02128,East Boston
AYDA'S CUSTOM TAILORING,02128,East Boston
Back Bay Boxing Gym,02115,Back Bay
Bah Bah Shop LLC,02109,Downtown / Financial District / Leather District
Balance PAtch,02215,Fenway / Kenmore / LMA
Balance Patch,02215,Fenway / Kenmore / LMA
Balloon City of Boston,02128,East Boston
Bani Restaurant,02131,Roslindale
Barbershop Deluxe,02116,South End
barbershop lounge,02116,Back Bay
Bato Inc,02116,Downtown / Financial District / Leather District
Bay State Barber ,02108,Downtown / Financial District / Leather District
BE Salon,02111,Chinatown
Be Well Boston,02116,Back Bay
Beacon Gallery,02118,South End
Beacon Hill Athletic Clubs,02114,West End
Bead + Fiber,02118,South End
Beantown Nails & Spa,02114,Beacon Hill
Beantown pho&grill restaurant,02116,Back Bay
Beautiful Cut,02134,Allston
Beauty Nails & Skin Care,02131,Roslindale
Beauty On Purpose ,02121,Dorchester
Bebete beauty salon,02126,Mattapan
Belen's Deli Market,02150,East Boston
BELLISSIMA BEAUTY SALON INC,02121,Dorchester
Bendiciones wireless,02121,Dorchester
Best Printing,02111,Chinatown
Betsy Jenney Ltd of Boston,02116,Back Bay
Beverly Richards Dance Center,02128,East Boston
BEYOND BEAUTE SKIN CARE,02111,Downtown / Financial District / Leather District
Biddy Hair Salon,02128,East Boston
Big Dog Walkin,02135,Brighton
Bigoteria Gallery Inc,02125,Dorchester
bijan cleaners,02118,South End
Bintou Hair Braiding Salon,02126,Mattapan
Birch St. House & Garden,02131,Roslindale
Black Ink Boston,02114,Beacon Hill
Black Market Nubian,02119,Roxbury
Blackmoor Bar & Kitchen,02129,Charlestown
Blackroom Salon,02116,South End
Blank Label,02108,Downtown / Financial District / Leather District
Blend,02122,Dorchester
Bloom Cleaners,02128,East Boston
Blue Asia Cafe,02134,Allston
Blue C,02124,Dorchester
Blue Hill Adult Day Health Center,02124,Dorchester
Blue Mountain Jamaican Restaurant,02126,Mattapan
Blue River Food Shop,02136,Hyde Park
Blue Yama,02135,Brighton
Blunch,02118,South End
BoConcept,02116,Back Bay
BodywavesTherapeutic Massage,02108,North End
Bohemios Restaurant,02128,East Boston
BONAPITA,02132,West Roxbury
Bonita beauty salon,02131,Roslindale
Bonne Chance Cafe,02114,North End
Boston Acupuncture Oasis,02116,Back Bay
Boston Barber and Tattoo Co.,02113,North End
Boston Beauty Bar,02108,Downtown / Financial District / Leather District
Boston Biomechanics,02215,Fenway / Kenmore / LMA
Boston City Lights,02118,South End
Boston Diamond Company ,02108,Downtown / Financial District / Leather District
Boston Direct Health,02116,South End
boston facials (registered as: gv skincare),02114,Beacon Hill
Boston General Store,02446,Fenway / Kenmore / LMA
Boston Hair Design,02111,Downtown / Financial District / Leather District
Boston Harbor Acupuncture,02108,Downtown / Financial District / Leather District
Boston Ink Body Art Specialize ,02126,Mattapan
Boston Integrated Health,02116,Back Bay
BOSTON KEBAB HOUSE,02109,Downtown / Financial District / Leather District
Boston Kids,02109,Downtown / Financial District / Leather District
Boston Kitchen,02109,North End
Boston Massage Associates,02116,Back Bay
Boston Medical,02116,Back Bay
Boston Olive Oil Company ,02116,Back Bay
Boston Photo Studio,02128,East Boston
Boston Stone Gift Shop ,02108,North End
Boston Threading,02135,Brighton
Boston Threading,02115,Back Bay
Boston Threading,02215,Fenway / Kenmore / LMA
Boston Urban Hospitality ,02111,Downtown / Financial District / Leather District
Boston Used Bikes & Thrift Shop,02124,Dorchester
Boston Wellness Health Care Corp,02122,Dorchester
Boston Wine Exchange,02110,Downtown / Financial District / Leather District
Bostonian Barber Shop INC,02215,Fenway / Kenmore / LMA
"Boxaroo, Inc.",02108,Downtown / Financial District / Leather District
Bradford Auto Parks Inc.,02111,Chinatown
Brassica Kitchen and Cafe,02130,Jamaica Plain
BREAD TOP INC,02111,Chinatown
Brightbar Boston,02108,North End
BRIGHTON DENTAL ASSOCIATES PC,02135,Brighton
BRIGHTON NAILS,02135,Brighton
Broad Street Paulie's,02109,Downtown / Financial District / Leather District
Brodney Antiques & Jewelry,02116,Back Bay
Bromfield Gallery,02118,South End
Bromfield Nails,02108,Downtown / Financial District / Leather District
Brooksie’s mud house,02122,Dorchester
Brother Ahmed's Barbershop,02119,Roxbury
Brothers barbershop ,02121,Dorchester
buco trattoria,02210,South Boston Waterfront
Buddhi Inc ( Upali Convenient ),02124,Dorchester
Bukowski Tavern,02115,Back Bay
bunker hill barber shop,02129,Charlestown
BURN Fitness Studios,02118,South End
C.R.K. Beauty LLC,02114,Beacon Hill
c2body,02127,South Boston
Cache Beauty Center,02128,East Boston
CAFE JUICE UP,02126,Mattapan
Cafe Mirror,02135,Brighton
Caffe Paradiso II,02113,North End
Cambridge Nails,02114,Beacon Hill
Candice Wu Couture ,02118,South End
cappy's pizza,02115,Fenway / Kenmore / LMA
Caribbean  market ,02124,Dorchester
"Caribbean Flavors, LLC",02126,Mattapan
Caring Family Dental,02130,Jamaica Plain
Carlo's Cucina Italiana,02134,Allston
Carlos Leon Studio Salon ,02128,East Boston
Carolina Zabla,02124,Dorchester
Casa Colombia,02128,East Boston
Casa Razdora,02109,Downtown / Financial District / Leather District
Casali Market,02124,Dorchester
Casarecce Restaurant,02113,North End
Castanet,02116,Back Bay
Castro Barbershop ,02131,Roslindale
CatLABS,02131,Roslindale
Causeway,02114,West End
Cent'Anni Corp,02118,Roxbury
Centre Cuts Salon and Spa,02131,Roslindale
Cesis Hair Style Beauty Salon,02131,Roslindale
Chaba Florist,02116,Downtown / Financial District / Leather District
Chalmers Daycare,02131,Roslindale
"Charlestown Tea & Treats, Inc.",02129,Charlestown
Charlies Sandwich Shoppe,02116,South End
CHEN'S CORNER,02111,Chinatown
Chez Bella Salon,02134,Allston
Chi Harmony Acupuncture,02116,Back Bay
Chi Therapy,02111,Downtown / Financial District / Leather District
Chic Chick,02134,Allston
Chickadee,02210,South Boston Waterfront
Chill on Park,02122,Dorchester
China Sky Restaurant,02124,Dorchester
Chinatown Pain Relief Massage,02111,Chinatown
Chu Ling Dance Academy,02118,South End
Cindy’s Family Child Care,02124,Dorchester
Cinis,02114,North End
Citihealth Orthopaedics,02119,Roxbury
City Nails & Spa,02169,South End
CJ Eyelash,02110,Downtown / Financial District / Leather District
"CJM Insurance Agency,Inc",02131,Roslindale
"Claire Alice McManus, Licensed Acupuncturist, PC",02132,West Roxbury
Clara Family Child Care,02119,Roxbury
cleary square eyecare/south end eye,02136,Hyde Park
CLIENTEL3,02116,Back Bay
Clock Tavern,02127,South Boston
Coco Beauty,02118,South End
Coco Leaf,02124,Dorchester
cocohead hair studio,02111,Chinatown
Colour Jade Studio,02116,Back Bay
Columbus Cleaners,02127,South Boston
Columbus Cleaners,02116,South End
Concepts of Hair Salon & Spa ,02120,Roxbury
CONGRESS CARD & TOBACCO,02110,Downtown / Financial District / Leather District
Consuelos’s beauty salon,02125,Dorchester
Continental cleaners inc ,02128,East Boston
Convenience 365 Market & Deli,02129,Charlestown
Copabana Hair Salon,02128,East Boston
Copley Acupuncture,02116,Back Bay
CORNISH PASTY CO BOSTON ,02115,Back Bay
Cornwall’s,02215,Fenway / Kenmore / LMA
Covet,02127,South Boston
Covet ,02114,Beacon Hill
CREATIONS SALON INC,02131,Roslindale
Crispy dough pizzeria ,02120,Mission Hill
Croke Park Inc,02127,South Boston
CrossFit 617,02122,Dorchester
CrossFit Dudley,02119,Roxbury
CrossFit Jeffries Pointt,02128,East Boston
CrossFit Southie,02127,South Boston
Crudo,02138,North End
Crush Boutique,02114,Beacon Hill
Cryohub,02128,Back Bay
CryomedBoston ,02116,Back Bay
Cryotherapy West Roxbury,02132,West Roxbury
Crystal Cleaners,02132,West Roxbury
Crystal Travel & Tours,02132,West Roxbury
CRYSTALS BRAZILIAN WAX CENTER,02116,Back Bay
ctowncycle,02129,Charlestown
Cuba Estilo Barbershop ,2121,Dorchester
Cummins Family Dental,02124,Dorchester
Curlew Green,02130,Jamaica Plain
Cut-Splice,02129,Charlestown
CUTTIN' LOOSE,02184,Dorchester
Cynthia K Salon LLC,02116,Back Bay
D' Cari Salon,02124,Dorchester
D'Benny's Subs and More ,02122,Dorchester
D'Laly's Nail and Spa,02130,Jamaica Plain
D’Soris Beauty salon,02122,Dorchester
Dahlia,02118,South End
Daley Retreats,02124,Dorchester
Dance Academy,02136,Hyde Park
Darbar restaurant,02135,Brighton
Darbar restaurant,02135,Brighton
dareales llc,02122,Dorchester
Davis & Sawin Florist,02132,West Roxbury
Davis Hairdressing,02172,South Boston
Dayib Cafe ,02119,Roxbury
Daysi family day care,02131,Roslindale
DCachet LLC,02131,Roslindale
December Thieves,02114,Beacon Hill
Deirfiur Home LLC,02127,South Boston
Delectable Desires Pastries ,02132,West Roxbury
delight corner,02111,Chinatown
Delilah & Lindas Unisex Beauty Salon ,02125,Dorchester
Delux Cafe,02116,South End
Deluxe laser and spa,02132,West Roxbury
Deluxe Postal Center,02122,Dorchester
Democracy Brewing,02111,Downtown / Financial District / Leather District
Designers Circus,02134,Allston
DH ESTETICA ,02118,South End
Didi's Spa,02128,East Boston
Digitech Electronic Solutions,02131,Roslindale
Direct Nail & Beauty Supply,02125,Dorchester
Discovery Cafe,02115,Fenway / Kenmore / LMA
"Distraction Brewing Company, LLC",02131,Roslindale
District 7 Tavern,02119,Roxbury
Diva nail bar and beauty,02124,Dorchester
DJ Nails,02126,Mattapan
Domenyck’s unisex hair salon ,02122,Dorchester
Domestic Boot,02125,Dorchester
Dona Habana Restaurant,02118,Roxbury
Doris Travel & tours,02128,East Boston
DOVER RUG & HOME,02116,Back Bay
Down Home Delivery & Catering,02124,Dorchester
DR COMPUTER,02130,Jamaica Plain
DRAGON CHEF RESTAURANT,02131,Roslindale
Dream kid spa,02136,Hyde Park
"Dream Vision, LLC",02122,Dorchester
Drydock Cafe,02210,South Boston
Durty Nelly's,02109,Downtown / Financial District / Leather District
Eagle Hill Cafe,02128,East Boston
East side hair salon,02128,South Boston
East Side Yoga and Fitness,02127,South Boston
Ecco Beauty Hair Salon,02116,Chinatown
Egleston Nails,02119,Roxbury
El Nuevo Estilo Barbershops ,02125,Dorchester
Electrolysis & Laser Associates,02132,West Roxbury
elegance of asia hair and beauty,02111,Chinatown
Element Day Spa,02129,Charlestown
Elevate Fitness,02116,Back Bay
Elie’s Barbershop ,02132,West Roxbury
Elite Lash Studio,02116,Back Bay
Emanuel’s beauty supply and barbershop ,02128,East Boston
Erika Hair Salon,02128,East Boston
Erika's Beauty Salon,02131,Roslindale
Escape Beauty Nail &Spa,02108,Downtown / Financial District / Leather District
ESPERANZA TRAVEL & TOURS,02130,Jamaica Plain
Espresso Yourself,02130,Jamaica Plain
Esther's Garden Family Child Care,02124,Dorchester
Estragon Tapas ,02118,South End
"étant, A Spa for Well Being",02116,South End
Eve's Hair Care Beauty Salon,02125,Dorchester
Everbare,02116,Back Bay
"Evolve Chiropractic & Wellness, Inc.",02215,Fenway / Kenmore / LMA
"Exotic Beauty, Nails, & Designs",02131,Roslindale
Exotic Flowers,02131,Roslindale
Extology Salon,02114,West End
Eye Adore Threading,02118,South End
Eye and Eye Optics,02124,Dorchester
EYE LUSH,02215,Bay Village
Falafellas,02134,Allston
Fama Hair Style and Barbershop,02131,Roslindale
Family Affair Restaurant,02125,Dorchester
family barber shop,02134,Allston
Fantastic Beauty Salon,02119,Roxbury
Fashion style salon ,02130,Jamaica Plain
Fatima Family Daycare,02130,Jamaica Plain
Fatima Family Daycare ,02130,Jamaica Plain
Feitheog Massage Therapy,02132,West Roxbury
Fenny's Hair Salon,02118,South End
Fern,02115,Fenway / Kenmore / LMA
Fez home designs ,02118,South End
Fiesta Nails,02128,East Boston
Fineone Hand Craft & Gift,02116,Back Bay
Fiore's Bakery Inc,02130,Jamaica Plain
Firas Yousif Originals,02116,Back Bay
Fireside Tavern,02130,Jamaica Plain
Firicano on North St. ,02113,North End
Fishermans Net,02109,Downtown / Financial District / Leather District
FitChoice,02131,Roslindale
Fitness Together Charlestown,02129,Charlestown
Flat Black Coffee Company,02110,Downtown / Financial District / Leather District
Flock,02118,South End
Florentine Cafe,02113,North End
FOOD 4 THOUGHT CAFE INC,02111,Chinatown
Foodland Market,02122,Dorchester
For Now LLC,02210,South Boston Waterfront
Forever Young Group,02126,Mattapan
Foumami,02110,Downtown / Financial District / Leather District
Fountain Street Gallery,02118,South End
Freedman Jewelers ,02108,Downtown / Financial District / Leather District
Fresh mart,02108,North End
Friendship BBQ,02111,Chinatown
Fruity ,02134,Allston
Futago Udon,02215,Fenway / Kenmore / LMA
Gaby Teran Beauty  Salon,02128,East Boston
Gadget Street,02109,Downtown / Financial District / Leather District
Genes Chinese Flatbread Cafe,02111,Downtown / Financial District / Leather District
Genesis Beauty Salon,02121,Dorchester
Ghost in the Machine Tattoo,02135,Brighton
Gigu LLC,02128,East Boston
Glamour Nails and hair Salon,02127,East Boston
Glitter Nails Salon,02129,Charlestown
GLOBAL BEAUTY SALON LLC,02125,Dorchester
Globos y Fiestas,02151,East Boston
Good Hair Co.,02113,North End
Grainmaker,02110,Downtown / Financial District / Leather District
GRAND MANZANA,02128,East Boston
grassroots cafe,02110,Downtown / Financial District / Leather District
Gray's Hall,02127,South Boston
Great GetAways,02114,West End
Great Wok Restaurant,02125,Dorchester
Greatbarbecue RESTAURANT INC,02111,Chinatown
Grettacole,02116,Back Bay
Grovehall Cleaners,02121,Dorchester
GT Spa,02111,Chinatown
Gyroscope/Sprout/BHOP,02115,Fenway / Kenmore / LMA
Gyrotonic Boston Central,02116,Back Bay
Habibi's Lounge,02134,Allston
habit ,02127,South Boston
Hair Adventure Hair Salon,02116,Downtown / Financial District / Leather District
Hair by Beatriz @(Hairstation),02119,Roxbury
Hair Image,02124,Dorchester
Hair is My Destiny by CSK,02124,Dorchester
Hair It Is Barbershop,02126,Mattapan
Hair Salon,02122,Dorchester
hair salon,02122,Dorchester
Hair Station 177inc,02119,Roxbury
Hair Stop,02136,Hyde Park
Hair Studio 7,02124,Dorchester
HAJU Kitchen,02115,Back Bay
Haley House Bakery Cafe,02119,Roxbury
haley.henry wine bar,02108,Downtown / Financial District / Leather District
HANJIN EXPRESS,02134,Allston
Happy Hangups,02109,Downtown / Financial District / Leather District
HARMONY DENTAL CARE,02108,Downtown / Financial District / Leather District
Harry's Laundromat,02124,Dorchester
Haute Coiffure Salon ,02215,Fenway / Kenmore / LMA
haymarket pizza,02109,North End
Headliners USA,02125,Dorchester
Headquarters Hair Salon,02127,South Boston
Healthy Foot Spa,02111,Chinatown
Heart & Sole,02113,North End
Heather Buechler Art,02118,South End
Hennessys of Boston ,02108,Downtown / Financial District / Leather District
Hi Tech Nail INC ,02108,Downtown / Financial District / Leather District
Hien Vuong Restaurant,02122,Dorchester
High Voltage Wellness,02131,Roslindale
HighStyle Laser Center,02110,Downtown / Financial District / Leather District
Higs Tickets,02114,West End
hoang my jewelry,02122,Dorchester
Holistic ink,02122,Dorchester
Hollywood Market,02110,Downtown / Financial District / Leather District
Home Basix,02130,Jamaica Plain
Hong Kong Eatery,02111,Chinatown
House of Nails,02128,East Boston
HUB PUB,02108,Downtown / Financial District / Leather District
HUY HOANG CARGO & TRADING INC					,02122,Dorchester
Hyde Park Lovely Nails & Waxing Inc.,02136,Hyde Park
I Beauty Lounge,02127,South Boston
I Do Wedding Dresses and Photography,02116,Chinatown
IBRA LLC,02119,Roxbury
Ideal Sub Shop,02119,Roxbury
Ilmondo Pizza ,02115,Mission Hill
Ilusion Unisex Salon,02128,East Boston
In the Cut Boston Barbershop,02120,Mission Hill
INFINNITY THREADING & WAX SPA,02110,Downtown / Financial District / Leather District
Inspiration Salon and Spa,02132,West Roxbury
Inspire Arts and Music ,02136,Hyde Park
Interactive Construction Inc. ,02127,South Boston
Intriguing Hair,02136,Hyde Park
Irish Eyes,02109,Downtown / Financial District / Leather District
Irish Pastoral Centre,02124,Dorchester
Isabel Unisex Salon,02122,Dorchester
itadaki,02116,Back Bay
J.B.Studio,02119,Roxbury
J&P CLEANERS INC,02131,Jamaica Plain
Jackie Little House Family Day Care,02127,South Boston
Jacques Amar Coiffure,02115,Back Bay
Jaho Coffee & Tea,02118,Roxbury
Jak pizzeria,02128,East Boston
Jalloh African Market ,02119,Roxbury
Jamaica Plain Wellness,02130,Jamaica Plain
James Joseph Salon,02116,Chinatown
"James R Seligman, DMD",02118,South End
Janet ChildCare,02136,Hyde Park
Janeth Cleaning Services,02128,East Boston
JDFAMILYDAYCARE ,02119,Roxbury
JDLS Couture,02124,Dorchester
"JEAN KELLY, DC, PC",02116,Back Bay
Jeanie Johnston ,02130,Jamaica Plain
JEANNE LEE ,02116,Back Bay
Jerel at 119 ,02116,Back Bay
JERISON'S BARBER SHOP,02130,Jamaica Plain
Jess Butler Acupuncture,02132,West Roxbury
JIANMIN MASSAGE INC,02111,Chinatown
Jin Video,02134,Allston
JIREH BEAUTY SALON & SPA ,02136,Hyde Park
JJ Foleys Cafe,02118,South End
JM MUSIC & ELECTRONICS,02124,Dorchester
JMP FINE INDIAN CUSINE,02215,Brighton
Johnny & Gino's Hairstyling,02113,North End
JOHNNY'S BARBER SHOP,02122,Dorchester
Johnston Family Acupuncture,02116,Back Bay
Jook Sing Cafe,02111,Chinatown
Joseph Nguyen Corp.,02127,South Boston
Joshua's Deli,02110,Downtown / Financial District / Leather District
Joshua's Family daycare,02131,Roslindale
JP Centre Yoga,02130,Jamaica Plain
JP Family Acupuncture,02130,Jamaica Plain
JP Nails & Spa,02130,Jamaica Plain
JPs Massage Therapt Center,02130,Jamaica Plain
Judah house of style,02124,Dorchester
Judah house of style,02124,Dorchester
Justice cuts Barbershop,02122,Dorchester
K S VARIETY,02108,Beacon Hill
K-Beauty,02111,Chinatown
K'Cari Beauty Salon,02122,Dorchester
Kala Thai Cookery,02108,Downtown / Financial District / Leather District
Kanes Cleaners,02132,Roslindale
KASHEDOUT,02136,Hyde Park
Kashmir,02116,Back Bay
Katelyn Song Eye Care LLC,02130,Jamaica Plain
Kathy  Beauty Salon ,02126,Mattapan
Kathy Nails Designs,02124,Dorchester
Kays Oasis,02124,Dorchester
KC Jewelry,02108,Downtown / Financial District / Leather District
Kebabish Food Truck,01905,Back Bay
Kelley Square Pub Inc,02128,East Boston
Kennedy Cleaners,02125,Dorchester
Kens hair & beauty Salon,02111,Chinatown
Keri's Family Child Care,02124,Dorchester
Kerry Spindler Esthetician Skin Beauty Wellness,02128,East Boston
Ketou Boutique ,02126,Mattapan
Key To Amaze,02215,Fenway / Kenmore / LMA
Kim Do Jewelry INC.,02111,Chinatown
Kim Quy Cosmetics & Jewelry,02125,Dorchester
Kim Thanh Jewelry,02125,Dorchester
king of jewelry ,02111,Downtown / Financial District / Leather District
"Kingston Gallery, Inc",02118,South End
Kissed,02132,West Roxbury
Klein Post Card Service Corporation,02136,Hyde Park
KLW Hospitality Inc.,02111,Chinatown
KO Catering and Pies,01890,East Boston
kodomo,02118,South End
L Street Tavern,02127,South Boston
La abundancia bakery restaurant ,02128,East Boston
la baguette prime bakery,02126,Mattapan
La Belle Nails and Spa,02116,Chinatown
La Cancun Restaurant,02128,East Boston
La Casa del Pan de bono,02128,East Boston
La Esperanza Market ,02128,East Boston
La Fonda Colombiana,02128,East Boston
La Hacienda Restaurant,02128,East Boston
La Martine Beauty Supply Inc. ,02122,Dorchester
La Tia ,02128,East Boston
Lachapelle Barbershop,02131,Roslindale
Lan Nail Salon,02118,South End
Lan's Laundry,02113,North End
Las Americas Travel,02128,East Boston
Las Palmas Restaurant,02131,Roslindale
Lash L'Amour,02116,Back Bay
LASH L'AMOUR LEARNING INC,02127,South Boston
LASH SEASON CO,02127,South Boston
LATIN ENVIOS,02128,East Boston
Laughing Monk Cafe,02115,Mission Hill
"Laurel d'Entremont, LMT",02215,Fenway / Kenmore / LMA
Lauren's Nail and Skin Salon,02114,Back Bay
Lauren's Skin and Nails,02114,Beacon Hill
Lawsons Barbershop,02126,Mattapan
Lawsons Barbershop,02119,Roxbury
LCL Travel Inc,02111,Chinatown
Le's Restaurant,02134,Allston
Le's Salon,02122,Dorchester
Lea Tam Acupuncture,02111,Chinatown
LEE'S HAIR STORY,02134,Allston
Lekker Home,02118,South End
Lifted Fitness,02127,South Boston
Lily Beauty Enterprise Inc.,02128,East Boston
Lime Red Tea House,02215,Allston
Linh Dry Cleaners,02134,Allston
LISA NAIL SALON,02127,South Boston
Lisos & Rizzos Beauty Salon,02134,Allston
Little Asia Restaurant,02128,East Boston
Little Panda Early Learning and Care Center,02116,Chinatown
Little Panda Early Learning and Care Center,02118,South End
Little Steps,02128,East Boston
Little Steps Child Care,02128,East Boston
Little Steve's Pizzeria,02215,Fenway / Kenmore / LMA
"Little Voices Early Care and Education, Inc.",02136,Hyde Park
Little Wonders Daycare,02128,East Boston
liuyishou hotpot boston,02111,Chinatown
Liz on E Beauty Services,02127,South Boston
Liz's Hair care,02120,Mission Hill
Lobstah on A Roll,02118,Roxbury
Lobstah on A Roll,02116,Back Bay
"Local Lock & Key, LLC",02124,Dorchester
Local Maker,02127,South Boston
Locale Inc,02113,North End
Los Antojitos Latin Restaurant,02132,West Roxbury
los arrieros,02128,East Boston
los magicos barber shop,02136,Hyde Park
Los Magicos Barbershop LLC,02124,Dorchester
Los Magicos Barbserahop & Multiservice INC,02121,Dorchester
Love And Mercy Salon,02210,South Boston Waterfront
Love Art Sushi,02115,Fenway / Kenmore / LMA
Love Child,02127,South Boston
Love Syndrome Store,02128,East Boston
Lovely Nails Spa,02131,Roslindale
Luck Wellness ,02127,South Boston
Lucky Decor,02109,Downtown / Financial District / Leather District
Luizinhas Unisex Hair Salon ,02125,Dorchester
Lulu Green Café Bakery Juice Bar,02127,South Boston
Luu and Nails,02136,Hyde Park
luu and nails,02136,Hyde Park
luxe/dba stuck on stickpins,02109,Downtown / Financial District / Leather District
Luxor Hair Studio,02151,Beacon Hill
Luxury Palace Beauty Salon,02121,Dorchester
LV Nails ,02124,Dorchester
Lynn’s spa ,02122,Dorchester
M & Company Hair Salon,02119,Roxbury
M. Flynn Jewelry,02118,South End
Ma Maison,02114,Beacon Hill
Mabruuk Fashions Inc,02119,Roxbury
Madina Halal Market,02119,Roxbury
"Magic cuts,inc",02135,Brighton
MANGU DOMINICAN BISTRO,02130,Jamaica Plain
ManiPro@Work ,02110,South Boston Waterfront
"Mantra Dhevi Spa, Inc",02135,Brighton
Maparche Group/Perros Paisas ,02128,East Boston
María Q family childcare,02119,Roxbury
Maria's Hair Salon,02136,Hyde Park
Maria's Market,02124,Dorchester
Marieliz Nails and Design ,02122,Dorchester
Mario's Sub and Salads,02119,Roxbury
Mariona Lloreta,02128,East Boston
Maritzas Hair Salon,02119,Roxbury
Marlen's Beauty Salon Inc.,02128,East Boston
Marvelous Barber Lounge,02110,Downtown / Financial District / Leather District
Mary's Daycare,02136,Hyde Park
MASARY Studios,02210,South Boston
massiminos,02113,North End
MASTER MCGRATH,02136,Hyde Park
Maverick Marketplace,02128,East Boston
MAXIM,02122,Dorchester
Maximize Your Mobility,02115,Back Bay
Maytag home style laundromat ,02127,South Boston
MBTA Just T,02119,Roxbury
Medallo,02128,East Boston
Megumi of Japan,02109,Downtown / Financial District / Leather District
Mela Restaurant,02138,South End
melman chiropractic  group,02116,Back Bay
Merengue Restaurant,02119,Roxbury
MG HAIR ARTISTIC SALON INC,02134,Allston
Mi Pueblito Restaurant,02128,East Boston
"Michael Computer Repair & Tech Services, Inc.",02472,Allston
Micro Scalp Clinic,02116,Back Bay
Midway Cafe,02130,Jamaica Plain
Mie.Higashimoto,02115,Back Bay
Mike's Cafe,02110,Downtown / Financial District / Leather District
Mike's City Diner,02118,South End
Mike's Fitness,02130,Jamaica Plain
Mimosa Nail,02124,Dorchester
Minas Beauty Salon,02128,East Boston
"Mini's Style, Inc.",02110,Downtown / Financial District / Leather District
Minni Space LLC,02118,South End
Miosotis Family Day Care,02130,Jamaica Plain
Miss Linda's School of Dance,02124,South Boston
MISSING SOCK LAUNDRY,02135,Brighton
Mission Hill Yoga,02120,Mission Hill
Mister t,02125,Dorchester
Mo'Rockin Fusion,02108,Downtown / Financial District / Leather District
Molly's Beachside,02127,South Boston
Momo No Yume ,02115,Fenway / Kenmore / LMA
Mondi's Brow Studio,02116,Back Bay
Montien Thai Restaurant ,02116,Chinatown
Monumental Market,02130,Jamaica Plain
Moonshine 152,02127,South Boston
Mop Hair Salon,02118,South End
Mother Juice,02115,Back Bay
Movement Over Everything,02116,Back Bay
Mr. Dooley's Boston Tavern,02109,Downtown / Financial District / Leather District
Mulberry Road,02116,Back Bay
Mumbai Spice,02115,Back Bay
Musical Instrument Service Center,02115,Fenway / Kenmore / LMA
musically yours,02109,Downtown / Financial District / Leather District
Musicians Playground,02111,Downtown / Financial District / Leather District
"MX Company, Inc.",02122,Dorchester
My Mani Pedi Spa ,02118,South End
My Nail Salon,02116,Back Bay
My Nail Salon 669 Tremont,02118,South End
My Xuyen Corp,02122,Dorchester
MYSTRYDE,02114,North End
N and N LLC DBA All Fir Tailoring and Alteration,02116,Back Bay
Nail & Spa,02124,Dorchester
Nail and hair spa & salon,02111,Downtown / Financial District / Leather District
NAILS 2000,02130,Jamaica Plain
Nails on Huntington,02130,Jamaica Plain
nails spa by time,02115,Mission Hill
Nailuxe,02124,Dorchester
Nancy Family Day Care,02136,Hyde Park
Napoles Restaurant,02128,East Boston
Nare African Hair Braiding,02122,Dorchester
NASSAH,02121,Dorchester
Nathali's Family Day Care,02136,Hyde Park
nathalie wine bar,02215,Fenway / Kenmore / LMA
Natural Glow,02109,North End
NECAT,02118,South End
Neponset Cafe,02122,Dorchester
Neponset Laundromat,02124,Dorchester
Neponset Tailoring  Drycleaners,02122,Dorchester
Neptune Seafood Truck,02131,Roslindale
New horizon family daycare,02125,Dorchester
New York Fashions,02119,Roxbury
Ngan N Phan Inc,02127,South Boston
Nicehaircut,02124,Dorchester
Niche,02118,South End
Noble Romans Pizza,02120,Roxbury
Noodle Barn,02130,Jamaica Plain
Noodle Lab,02108,North End
Noodle Street,02215,Fenway / Kenmore / LMA
North End Music & Performing Arts Center (NEMPAC),02113,North End
North End Yoga LLC,02113,North End
North Street Grille,02113,North End
NOUVEAU FASHION,02119,Back Bay
Oasis Restaurant,02125,Dorchester
Oasis Restaurant,02125,Dorchester
oasis Vegan Veggie Restaurant,02121,Dorchester
Obsession Nail & Spa,02132,West Roxbury
ODB Liquors,02115,Mission Hill
Old North Church and Historic Site,02113,North End
On Centre,02130,Jamaica Plain
One Stop Conveneince,02118,South End
Open Doors Yoga Studios - Dorchester ,02122,Dorchester
Oppa Sushi,02134,Allston
Orinoco: A Latin Kitchen,02118,South End
Otaku Gifts Shop,02111,Chinatown
Ouimillie,02114,Beacon Hill
Our zone,02135,Brighton
Oxigen J ,02128,East Boston
Paddy O's ,02108,Downtown / Financial District / Leather District
PadThai Cafe ,02115,Fenway / Kenmore / LMA
Papi's Stuffed Sopapillas,02125,Dorchester
Parachute Studios,02127,South Boston
Paris Creperie Seaport,02210,South Boston Waterfront
Parker Cote Elite Fitness,02116,Back Bay
Parkway Barbers,02131,Roslindale
Passion Beauty Supply & Salon ,02136,Hyde Park
Pellinos Restaurant,02113,North End
Perfect 10 Unisex Salon,02132,West Roxbury
Perfect Cuts Barbershop,02124,Dorchester
Petalos Floristeria ,02128,East Boston
Pharmaluxe Pharmacy,02119,Roxbury
Philadelphia Steak & Hoagie,02109,North End
Philip Edward Salon LLC,02129,Charlestown
Phils Hair Design,02135,Brighton
PHO AND BANH MI (AKS: BANH MI NGON),02132,West Roxbury
Pho Hoa Restaurant Inc.,02122,Dorchester
Pho Le Restaurant,02122,Dorchester
pho pasteur,02111,Chinatown
pho&i,02115,Fenway / Kenmore / LMA
physical therapy of mattapan sq ,02126,Mattapan
Piattini,02116,Back Bay
Pike Cycles,02134,Allston
Pink Shoe Lounge,02126,Mattapan
Pita Thyme,02109,Downtown / Financial District / Leather District
Pizza Stop,02118,South End
Platinos Salon,02128,East Boston
Playa Bowls,02115,Fenway / Kenmore / LMA
Poke by Love Art,02114,West End
Polish N Refine,02132,West Roxbury
Polished Hair Lounge ,02121,Dorchester
Polished Prima,02132,West Roxbury
POLLOS A LA BRASA BETOS,02128,East Boston
Porta classica,02126,Mattapan
Porta classica,02121,Dorchester
Precious M Laundromat,02127,South Boston
Prettyology,02116,Back Bay
Prima Donna ,02109,Downtown / Financial District / Leather District
Prince Hall Masonic Grand Lodge,02124,Dorchester
Princess hair palace,02124,Dorchester
Professional Barber Shop,02130,Jamaica Plain
Project STEP Inc,02115,Back Bay
PS Nails and Spa,02130,Jamaica Plain
Pucker Gallery,02116,Back Bay
Pueblo Viejo Restaurant,02128,East Boston
Pure Glow,02116,Back Bay
PURITY NAIL BAR,02135,Brighton
Q’s Nuts,02108,North End
Quezada family childcare ,02124,Dorchester
Quic Pic BBQ,02111,Chinatown
Quincy's Place,02109,Downtown / Financial District / Leather District
Rachel Beauty Salon,02111,Chinatown
Rader's Engraving,02108,Downtown / Financial District / Leather District
Rainbow Nails Spa,02119,Jamaica Plain
Recreo Coffee & Roasterie,02132,West Roxbury
Red Apple farm,02108,Downtown / Financial District / Leather District
Red City Fitness,02134,Allston
Regan's Motivated Fitness,02127,South Boston
Regeneration Tattoo,02134,Allston
RelaxSation Corp.,02111,Downtown / Financial District / Leather District
Rendon Foods Inc,02128,East Boston
REPS FITNESS STUDIO/BEACON HILL YOGA,02114,Beacon Hill
"Revive Hair Studio, LLC",02118,South End
Rina,02116,Back Bay
rincon caribeno ,02136,Hyde Park
Rincon Limeño restaurant ,02128,East Boston
Ripple Cafe,02124,Dorchester
Rise Beauty Studio,02115,Back Bay
Ristorante Euno,02113,North End
River Grille Restaurant & Cafe Inc.,02136,Hyde Park
Rizos Salon,02128,East Boston
"Robin Haas, LICSW",02130,Jamaica Plain
Rocco's Cucina & Bar,02109,North End
Rock&Rye,02116,Chinatown
Rodriguez barbershop,02121,Dorchester
Rogue Barbers-a barber shop,02116,Back Bay
Romeo Barber Shop,02124,Dorchester
Room Escapers Boston,02108,Downtown / Financial District / Leather District
Roosters Men's Grooming Center,02116,South End
Root and Sky Wellness,02128,East Boston
Rose JP Consignment,02130,Jamaica Plain
Roslindale barbershop,02131,Roslindale
Row House Lovejoy Wharf,02114,North End
Roza Lyons,02127,South Boston
RTP Electrolysis,02215,Fenway / Kenmore / LMA
Ruby's nail salon and spa,02115,Back Bay
Rugg Road Paper Company,02114,Beacon Hill
rules of attraction salon,02119,Roxbury
Russian Collection ,02116,Downtown / Financial District / Leather District
SA PA,02111,Downtown / Financial District / Leather District
Sabina's Family Child Care Services,02126,Mattapan
Saigon Chicken House,02122,Dorchester
Saigon Fusion,02115,Fenway / Kenmore / LMA
Saigon Hut restaurant ,02128,East Boston
saigon nails and spa,02132,West Roxbury
Saigon Seafood Restaurant,02122,Dorchester
Sakura Sunakku,02111,Chinatown
SALMAGUNDI,02130,Jamaica Plain
Salon 23 ,02118,South End
salon de cheveux,02127,South Boston
Salon Forty Four,02129,Charlestown
Salon On South,02131,Roslindale
Salon Sorores,02125,Dorchester
Salvaged Roots Hair & Beauty,02121,Dorchester
Samsmarket,02126,Mattapan
samurai express japanese restaurant,02116,Back Bay
Santacross Distinctive Shoe Service  ,02111,Downtown / Financial District / Leather District
Sarahy Beauty Center,02122,Dorchester
Saratoga convenience,02128,East Boston
Sasa Adventure,02111,Chinatown
Saté Grill,02111,Downtown / Financial District / Leather District
Savin Bar and Kitchen,02125,Dorchester
Savin Hill Fitness Studio,02125,Dorchester
Savvor Restaurant and Lounge,02111,Downtown / Financial District / Leather District
SCIRE MASSAGE THERAPY,02116,Back Bay
SCOPA,02113,North End
Sea Stores Incorporated - dba Sea Boston USA - Boston Campus Gear,02109,Downtown / Financial District / Leather District
Secret Hidden Kitchen Inc,02118,Roxbury
SECRETS SPA AND NAIL SALON INC.,02113,North End
Seed Acupuncture,02116,Back Bay
SERENELLA,02116,Back Bay
Shake the Tree,02113,North End
Sharps Barber Shop,02136,Hyde Park
Shawarma Falafel,02108,Downtown / Financial District / Leather District
Shed's BBQ,02108,Downtown / Financial District / Leather District
Shine On Boston Inc,02127,South Boston
Shinmio Tea,02215,Allston
Shona Stylez INC,02131,Roslindale
SKA Beauty Cafe,02111,Chinatown
SkinHealth Centers,02116,Back Bay
Skinluxe,02136,Hyde Park
Skip's Barbershop,02118,South End
Smiley Faces Family Childcare,02121,Dorchester
Smittys Barbershop,02124,Dorchester
Sock it to Me,02109,Downtown / Financial District / Leather District
Sofia family daycare,02119,Roxbury
Sojuba,02215,Fenway / Kenmore / LMA
Sol Azteca,02215,Fenway / Kenmore / LMA
Solar Lashes and Nails Spa,02115,Fenway / Kenmore / LMA
Soleil Restaurant,02119,Roxbury
Soleil Tan & Spa,02127,South Boston
Solid Ground Cafe,02115,Mission Hill
SOMA OPTICAL,02118,South End
Sombrero Chiquito,02115,Fenway / Kenmore / LMA
Sonia's Beauty Salon,02121,Dorchester
Sons of Boston,02108,Downtown / Financial District / Leather District
"Souly Orthodontics, PLLC",02127,South Boston
South End Eye,02118,South End
South Street Nails and Spa,02111,Downtown / Financial District / Leather District
Southern Twist,02119,Roxbury
Southie's Own,02127,South Boston
SOWA MEDSPA,02116,South End
Spawell,02124,Dorchester
special E fx,02122,Dorchester
Spicy Nails,02126,Mattapan
spicy world llc,02111,Chinatown
Spine and Sports Injury Center,02116,Back Bay
Spine and Sports Injury Center,02110,Downtown / Financial District / Leather District
Sprinkles Ice Cream,02109,Downtown / Financial District / Leather District
Stage Karaoke ,02134,Allston
Stanley's liquidation expo ,02136,Hyde Park
Station ktv & bistro ,02111,Chinatown
Stich by Stich,02109,Downtown / Financial District / Leather District
Stillwater,02111,Chinatown
Stitch and Tickle,02118,South End
Stony Brook School,02130,Jamaica Plain
Stop N Save,02121,Dorchester
Structure Beauty Salon,02122,Dorchester
Studio M  new hair new life,02131,Roslindale
studio ten,02130,Jamaica Plain
Style Cafe,02129,Charlestown
Style center salon ,02128,East Boston
StyleMe ,02134,Allston
Suds N Duds,02114,Beacon Hill
summit electronics recycling,02124,Dorchester
Sunkissed Acorns Child Care Center,02116,Chinatown
Sunny Florists,02127,South Boston
Sunray Cleaners,02132,West Roxbury
supreme cutz barbershop,02130,Jamaica Plain
Susan nail and spa,02126,Mattapan
Susanna LLC,02130,Jamaica Plain
Sushi Kappo,02215,Fenway / Kenmore / LMA
Suya Joint Inc,02119,Roxbury
Swan Lashes,02124,Dorchester
"Sway Spa, LLC",01821,Fenway / Kenmore / LMA
Sweet Nothing Spa ,02108,Beacon Hill
Sweet Nothing Spa ,02108,Beacon Hill
Swet Studio,02116,South End
Taiyaki NYC Boston Inc.,02210,South Boston Waterfront
TAMMY NAILS,02124,Dorchester
TANORAMA,02110,North End
tanworks glo inc ,02110,Downtown / Financial District / Leather District
Taqueria El Carrizal,02134,Allston
Taqueria Jalisco,02128,East Boston
Taranta ,02113,North End
Tawakal Halal Cafe,02128,East Boston
Tawakal Halal Cafe,02128,East Boston
Tbaar Boston Inc,02111,Chinatown
Teke's Nails ,02122,Beacon Hill
Teresa international hair salon,02134,Allston
Thanh’s Hair Salon,02125,Dorchester
The 34 Barbershop,02135,Brighton
The Barking Crab,02210,South Boston
The Bean and Leaf Cafe,02110,Downtown / Financial District / Leather District
The Biz Barbershop,02126,Mattapan
The Boston Barber Exchange,02109,Downtown / Financial District / Leather District
The Boston Bodyworker,02116,Back Bay
The Boston Center for Physical Therapy and Sports Medicine,02110,South Boston Waterfront
The Boston Threading ,02116,Back Bay
The Boston Threading ,02108,Downtown / Financial District / Leather District
The Brighton Cafe,02135,Brighton
The Bullpen Kitchen + Tap,02215,Fenway / Kenmore / LMA
The Cafe on New Chardon,02114,Downtown / Financial District / Leather District
The CLT Method,02127,South Boston
The corner pub of Chinatown ,02111,Downtown / Financial District / Leather District
The Dermatology Institute of Boston,02116,Back Bay
The Draft Bar and Grille,02134,Allston
The Elephant Walk Restaurant,02118,South End
The Fourth Wall,02116,Chinatown
The Glenville Stops,02134,Allston
The Green Dragon Tavern,02108,Downtown / Financial District / Leather District
The Hempest Inc,02115,Back Bay
The Ip Piano School,02111,Downtown / Financial District / Leather District
The Kitchen Cafe,02111,Downtown / Financial District / Leather District
The Learning Tree Preschool Inc,02132,West Roxbury
The Meeting Point,02130,Jamaica Plain
The Modern Dog Boston,02124,Dorchester
The Quiet Few,02128,East Boston
the Square Root,02131,Roslindale
thecrawfordinn,02119,Jamaica Plain
"Theo's Cozy Corner Restaurant, LLC",02113,North End
Third Cliff Bakery,02130,Jamaica Plain
"Third Piece, LLC ",02118,South End
Thompson Massage Therapy for Women,02116,Back Bay
THORNTON'S RESTAURANT,02115,Back Bay
threading for beauty,02131,Roslindale
Thrive Exchange,02115,Back Bay
THUY'S HAIR SALON,02124,Dorchester
"Tibet Emporium, LLC",02114,Beacon Hill
Timeless Beauty LLC,02122,Dorchester
Tina's Hair Salon,02135,Brighton
Tinailery ,02129,Downtown / Financial District / Leather District
Toatedflats.Inc,02128,East Boston
Tony Williams Dance Center,02130,Jamaica Plain
Top Mix Bar & Kitchen,02119,Roxbury
Top Of The Line Barbershop,02136,Hyde Park
Tour Us Inc,02111,Chinatown
Toutwel Restaurant,02126,Mattapan
Town Nail & Skin Salon,02115,Back Bay
Town Nail & Skin Salon,02114,Beacon Hill
Town Nail & Skin Salon,02116,Back Bay
Town Nail & Spa,02109,North End
Tracy African Hair Braiding And supply ,02131,Roslindale
TRANG NGUYEN LLC,02122,Dorchester
Trapology Boston,02111,Downtown / Financial District / Leather District
Treasured Hands Nail & Beauty ,02116,Back Bay
TRILLFIT,02120,Mission Hill
Trinkets and Treasures Gift Shop,02115,Fenway / Kenmore / LMA
Triwellness Holistic Center,02127,South Boston
Tu Metapan Restaurant,02128,East Boston
Tutti Frutti,02128,East Boston
Tutti Nail and Spa,02116,Back Bay
Tweed Barbers of Boston,02118,South End
Twilight hair salon,02215,Fenway / Kenmore / LMA
Twin Donuts,02134,Allston
"Twins Retail, LLC",02215,Fenway / Kenmore / LMA
U&D Kitchen,02110,Downtown / Financial District / Leather District
ULTRA BEAUTY SALON,02130,Jamaica Plain
Umai Japanese Restaurant,02116,Back Bay
Union Park Pizza,02118,South End
UNIQUE 8 hair place inc,02111,Chinatown
Unique Boutique Co.,02111,Downtown / Financial District / Leather District
Unique Cuts,02124,Dorchester
Universal Unisex Salon,02122,Dorchester
University Barber Shop,02215,Fenway / Kenmore / LMA
Upstairs Downstairs Antiques,02114,Beacon Hill
Utopia Cleaners-Sarni,02111,Downtown / Financial District / Leather District
V MULTISERVICES AND GIFT SHOP INC,02122,Dorchester
"Van's Fabric & Discount Sales Co, Inc.",02111,Chinatown
Vejigantes Restaurant,02118,Back Bay
Venus Hair Salon & Spa,02121,Dorchester
VENUS NAILS AND SPA,02118,South End
VIBE Wellness,02129,Charlestown
Vibrant Beauty Salon,02118,South End
Villa Mexico Cafe,02109,Downtown / Financial District / Leather District
VINA EAST BOSTON REDEMPTION/ VINA REDEMPTION INC.,02128,East Boston
Vinoteca di Monica,02109,North End
VINTAGE TASTE,02114,Beacon Hill
"Violet Enterprises, Inc",02132,West Roxbury
Virtuosity Musical Instruments,02115,Back Bay
Viyada Thai Spa,02116,Back Bay
Vogo Salon,02111,Chinatown
VT SERVICE,02125,Dorchester
Warehouse Bar & Grille,02109,Downtown / Financial District / Leather District
Wave n pave,02128,East Boston
Waxing The City,02114,West End
"We Grow Microgreens, LLC",02136,Hyde Park
Wellest Integrative Health,02116,Back Bay
Wens rice noodle and ramen,02111,Downtown / Financial District / Leather District
wens rice noodle and ramen,02116,Back Bay
West End Strollers,02109,Downtown / Financial District / Leather District
"Weston Eyecare, LLC dba Yosemite Eyewear ",02114,Beacon Hill
Whitney & Winston,02114,Beacon Hill
Wilianas Beauty Salon,02131,Roslindale
Wings Flower exchange,02111,Chinatown
Wings Live Poultry,02111,Chinatown
Wings Monument,02111,Chinatown
Wink Eyecare,02127,South Boston
Winn Cleaners,02114,Beacon Hill
Women's Fitness of Boston,02108,Downtown / Financial District / Leather District
Wonder Entertainment Inc,02111,Chinatown
Wonder Nails,02131,Roslindale
Woodys Grill & Tap,02115,Fenway / Kenmore / LMA
Wy hair and barbershop,02136,Hyde Park
Wyllo,02118,South End
Wynny Hair Salon,02122,Dorchester
"Yal-Day-New Day Care Center, Inc.",02134,Allston
Yang's Martial Arts Association of Boston,02131,Roslindale
YENNY BEAUTY CENTER,02136,Hyde Park
YiRen Health Center,02111,Chinatown
Ylonka Family Daycare,02119,Roxbury
Your Wellness Acupuncture ,02116,Back Bay
Youth Enrichment Services (YES) ,02118,South End
Yris Beauty Salon,02119,Roslindale
Yun Yu Spa,02111,Chinatown
Z Barber Shop,02118,South End
ZaZ ,02136,Hyde Park
ZenaRose,02108,Beacon Hill
Zoe Hair Studio,02111,Chinatown
Zohrab Jewelers,02108,Downtown / Financial District / Leather District
Salsa's Mexican Grill,02108,Downtown / Financial District / Leather District
Wong's of Boston,02108,Downtown / Financial District / Leather District
CRAZY GOOD KITCHEN,02116,Back Bay
Logan Airport Car Inc,02109,Downtown / Financial District / Leather District
Temple of Groom,02155,Fenway / Kenmore / LMA
CT Sweet Kingdom LLC,02111,Chinatown
Allston Sweet Kingdom LLC,02134,Allston
vivi bubble tea cafe ,02115,Back Bay
Cindy's nails & spa,02128,East Boston
Maverick's,02128,East Boston
jm Curley,02111,Downtown / Financial District / Leather District
Boston Sports Grille,02108,West End
little angel family daycare,02119,Roxbury
aneufit,02116,Back Bay
Sofia Family daycare,02368,South End
Beacon Hill Shoe Repair,02208,Beacon Hill
ENFARRADOS,02128,East Boston
Oliveira’s Restaurant ,02128,East Boston
Joy first family childcare,02121,Dorchester
Geoffrey Wanjiru ,02215,Back Bay
Nile Scott Studios,02134,Allston
Eva Beauty and Skin Care,02111,Chinatown
"Big Bites, Inc",02130,Jamaica Plain
Massage Therapy of Boston,02109,Downtown / Financial District / Leather District
Ryan Beauty Salon,02126,Mattapan
Rara Bel Poze ,02131,Roslindale
Boston Meditation,02215,Fenway / Kenmore / LMA
OMBE,02116,Back Bay
DIVINA VIDEO PRODUCTIONS,02131,Roslindale
chinese dragon,02128,East Boston
"PN Entertainment & Productions, Inc.",02136,Hyde Park
Sharmarke Ahmed,02118,South End
Ahmed Mohamed ,02125,Dorchester
Pockets Billiard Club,02128,East Boston
Cannon Family Eye Care,02131,Roslindale
Fire Code Design,02119,Roxbury
"Gallery EyeCare, LLC",02119,Roxbury
"IMPERIAL MONOGRAMS CO., INC",02132,West Roxbury
Higherground enterprise ,02126,Mattapan
Tiki Rock,02109,Downtown / Financial District / Leather District
Federal Shell & Fish,02118,Roxbury
Mi Pueblito Orient Heights,02128,East Boston
Hudeifa trans inc and auto services ,02119,Roxbury
GALOOF AND ASSOCIATES,02119,Roxbury
Victor Taxes & Immigration Services LLC,02119,Roxbury
"Nicholas A. Papakyrikos, CPA PC",02135,Brighton
Stuart Glass Inc ,02119,Roxbury
Metropolis,02118,South End
Elier barbershop ,02122,Dorchester
La Familia barber shop llc,02136,Hyde Park
jp south huntington market,02130,Brighton
D'oro Barber Shop,02122,Dorchester
Chutneys,02115,Back Bay
Caffe Lil Italy,02113,North End
Dr Donna L Calsimitto DMD,02128,East Boston
Asian Thai Eatery,02136,Hyde Park
Ariana Restaurant,02135,Brighton
Tertulias Cafe,02128,East Boston
Twelve Hours,02135,Brighton
La Catrina,02135,Brighton
Sue's Nails & Spa,02121,Dorchester
Ace Dental Boston,02136,Hyde Park
International Exchange,02108,Downtown / Financial District / Leather District
Fin's sushi and grill,02135,Brighton
Caminito de Enseñanza Family Daycare,02124,Dorchester
rose's hair desgin,02121,Dorchester
"Liana C. Percoco, LMT - Therapeutic Massage and Bodywork",02131,Roslindale
Latitu°,02116,Back Bay
Ms.B's Best Pet Care,02210,South Boston Waterfront
Slevin construction services ,02127,South Boston
Visions By A&K,02130,Jamaica Plain
Ginger Exchange,02115,Fenway / Kenmore / LMA
Ginger Exchange,02120,Roxbury
Striking Capital,02127,South Boston
Boston Auto Tech,02122,Dorchester
Norbert Financial Services Group ,02119,Roxbury
Aleida’s Family Daycare ,02119,Roxbury
Mediterranean Grill Boston,02110,Downtown / Financial District / Leather District
Acote Salon,02116,Back Bay
50Kitchen,02122,Dorchester
D&D RESTAURANT,02130,Jamaica Plain
Tulip Nail Salon,02122,Dorchester
Vee Vee,02130,Jamaica Plain
Create: Art in Community,02131,Roslindale
sushi time,02108,Downtown / Financial District / Leather District
T&T Nails,02125,Dorchester
"Beauty101,LLC",02130,Jamaica Plain
Peter J Stein DC,02215,Fenway / Kenmore / LMA
Kaze Shabu Shabu,02111,Chinatown
The Wild Duck Wine & Spirits,02111,Chinatown
The Wild Duck,02113,North End
ESG Cab Inc.,02135,Brighton
Rumore Therapeutic Massage,02130,Jamaica Plain
Totto Ramen,02125,Dorchester
Totto Ramen,02134,Allston
Happy Family Food Market,02111,Chinatown
Performance and Recovery,02134,Allston
Antoinette Variety Store,02126,Mattapan
Steve's Kitchen,02134,Allston
4 Corners Yoga + Wellness ,02121,Dorchester
Invictus Boston,02116,South End
Invictus Fenway,02215,Fenway / Kenmore / LMA
ORIENTAL MASSAGE,02111,Chinatown
Clara Family Child care,02119,Roxbury
ichiban yakitori sushi house,02115,Fenway / Kenmore / LMA
The Point East Boston Barre and Yoga,02128,East Boston
Kilvert & Forbes Bake Shop,02109,Downtown / Financial District / Leather District
T&S Nails Design,02136,Hyde Park
Bellissimo Nail & Spa,02113,North End
"Bdy Sqd, LLC",02118,South End
Hancock Laundry,02125,Dorchester
ELEGANT BEAUTY SALON LLC,02120,Roxbury
Papa's Pizza Company,02115,Mission Hill
Hei La Moon,02111,Chinatown
Fajitas & 'Ritas,02111,Downtown / Financial District / Leather District
boston eyeworks,02122,Dorchester
Pure Hair Design,02118,South End
Andre's Cafe,02118,Roxbury
El Barrio Mexican Grill,02124,Dorchester
Plaza Cafe Abcg Inc,02116,Chinatown
Tang's Furniture,02111,Downtown / Financial District / Leather District
Nectar & Green,02129,Charlestown
Lulu Green Juice ,02127,South Boston
cake pops boston inc,02124,Dorchester
Cricket Wireless,02128,East Boston
M1 Airport livery,02116,South End
Fairouz Restaurant,02132,West Roxbury
Title Boxing Club ,02114,North End
Karen Kirchoff Acupuncture & Herbs,02131,Roslindale
Museum of African American History,02114,Beacon Hill
The Theater Offensive ,02116,Back Bay
The West End Museum,02114,West End
"Brain Arts Organization, Inc. ",02122,Dorchester
Urbanity Dance,02118,South End
Wally's Cafe Inc,02118,Roxbury
Uptown Dance Center,02122,Dorchester
Peka Tapas & Bar,02135,Brighton
Little Pecan Bistro,02135,Brighton
Dolce vita (la rocca),02113,North End
Veronica Robles Cultural Center ,02128,East Boston
Blank Label Group,02210,South Boston
The Thrift Shop of Boston,02131,Roslindale
Djady's Hair Salon,02125,Dorchester
Back Bay Acupuncture,02116,Back Bay
M&M BBQ,02125,Dorchester
The Kush Groove Shop,02120,Mission Hill
Cheryl Richards Photographer,02116,Back Bay
South End Food Emporium,02116,South End
PC MOBILE TEC,02119,Roxbury
Dr Geoffrey Davis,02116,Back Bay
style by yari,02119,Roxbury
Farmers Horse Coffee,02115,Back Bay
D'Albabebe Salon,02136,Hyde Park
brighton houseof pizza,02135,Brighton
MIYUKI SUSHI,02135,Brighton
Michael D.Kairos Beauty Salon,02128,East Boston
Back to Life Chiropractic,02124,Dorchester
Antonio's Cucina Italiana,02114,Beacon Hill
Back Bay Speech Therapy,02129,Charlestown
McKennas Cafe,02125,Dorchester
"Going Up Team, Inc Dba Going Up Communications",02131,Roslindale
Deli of Course,02210,South Boston Waterfront
Beijing Cafe,02215,Allston
THE URBAN GARDENER LANDSCAPE SERVICE,02124,Dorchester
Oakleaf Cakes Bake Shop,02115,Fenway / Kenmore / LMA
Yelus,02121,Dorchester
SUPERB HOME IMPROVEMENT CORP,02026,Roslindale
Woodrow food mart ,02124,Dorchester
Minnah & Korn Orthodontics On Newbury St,02116,Back Bay
Dulce Suarez,02121,Dorchester
Boston Meditation Inc,02215,Fenway / Kenmore / LMA
LAW OFFICE OF ELDA S JAMES,02124,Dorchester
Raul Jurca DBA Flying Prince,02135,Brighton
El picha barbershop,02131,Roslindale
Forward Spine & Sport,02215,Back Bay
Luis hairstyle,02131,Roslindale
CrossFit Boston Iron & Grit,02132,West Roxbury
The Leggett Group LLC,02131,Roslindale
Darcy's Barbershop,02118,Fenway / Kenmore / LMA
So Sabe Inc.,02116,Dorchester
JP Roti Shop,02124,Dorchester
JP Caribbean Market,02124,Dorchester
BRED Gourmet,02124,Dorchester
"Yan Jin, M.B.,M.med.,Lic. Ac.",02215,Fenway / Kenmore / LMA
Fish Market Sushi Bar,02134,Allston
Roxy's Grilled Cheese,02134,Allston
Estefany Unisex Beauty Salon,02128,East Boston
Brookline Acupuncture & Oriental Medicine,02135,Brighton
Philip's salon inc,02113,North End
Compressions,02131,Roslindale
"Liberty Chiropractic, Inc.",02121,Dorchester
Harbor City School,02128,East Boston
north east of the border food trucks,02110,Downtown / Financial District / Leather District
INTEGRITY TAX SERVICES,02131,Hyde Park
Kim Rosen LICSW,02116,Back Bay
Poke station and kitchen,02115,Fenway / Kenmore / LMA
"G Money Cab, Inc.",02121,Dorchester
Eagles Nest Daycare Center Inc.,02125,Dorchester
Saus,02108,Downtown / Financial District / Leather District
Essential Body Herbs Inc,02126,Mattapan
Ada Family Child Care,02124,Dorchester
jackson salon,02125,Dorchester
Summer street barbershop ,02110,Downtown / Financial District / Leather District
Divine Revelations Yoga and Meditation Services,02119,Roxbury
Thalis family day care,02126,Mattapan
Elizabeth family day cares ,02120,Roxbury
JD Consulting,02116,Back Bay
L. Cabrera,02118,South End
Hyaong Sun Jung,02210,South Boston Waterfront
"Daniel F. Long, Constables",02131,Roslindale
Fidalgo Travel,02119,Roxbury
Boston Segway Tours,02113,Downtown / Financial District / Leather District
Lisbet Family child Care,02121,Dorchester
Boston Boxing,02135,Brighton
Caribbean Foundation of Boston DBA Urban Community Homemaking,02121,Dorchester
lakay pharmacy,02126,Mattapan
Dirty Water Dough - Back Bay,02116,Back Bay
Dirty Water Dough - East Boston,02128,East Boston
Fancy Salon Inc ,02124,Dorchester
Ana's Beauty Salon,02128,East Boston
VIRGINIA'SFAMILY DAYCARE,02124,Dorchester
Le Visage Spa,02110,Downtown / Financial District / Leather District
Le GaLa Hair Salon,02111,Chinatown
moe's dry cleaning and tailoring ,02124,Dorchester
SIMINA AFRICAN HAIR BRAIDING,02124,Mattapan
Steps to Wellness Chiropractic,02131,Roslindale
CRAWFORD DRUG,02124,Dorchester
Natural Image Boston,02110,Downtown / Financial District / Leather District
Kiddie Kare Child Care,02136,Hyde Park
Mexicalisushibar Resturant,02128,East Boston
Colonial Shoe Repair,02110,Downtown / Financial District / Leather District
Zion Multi-services,02128,East Boston
Ace Ticket ,02215,Fenway / Kenmore / LMA
Two Saints Tavern,02115,Fenway / Kenmore / LMA
Modern Party Art,02122,Dorchester
FoMu ,02118,South End
A. Weyrah,02119,Roxbury
Forever Young Adult Day Health Center,02136,Hyde Park
Anny’s Family Daycare,02121,Dorchester
BoxSmith,02132,West Roxbury
Hub Town Tours,02129,Charlestown
Cr Car Service Inc,02128,East Boston
D&R Auto Repair Corporation,02121,Dorchester
Soodee,02116,Back Bay
Interstate HVAC Controls,02135,Brighton
irashai sushi and teriyaki,02111,Chinatown
International Halal Market,02120,Roxbury
Fresh Start Detailing Inc.,02130,Jamaica Plain
Lyric Stage Company of Boston,02116,Back Bay
Louanas Taxi Inc.,02128,East Boston
Brendan Behan Pub,02130,Jamaica Plain
Chevalier Enterprises DBA Glow Booth USA,02124,Dorchester
Jo & More LLC Gondres Bakery,02130,Jamaica Plain
Zinneken's,02124,Fenway / Kenmore / LMA
Blue Nile Inc,02130,Jamaica Plain
Dollface LLC ,02127,South Boston
Shun's Kitchen,02118,South End
Fiskie's cafe,02125,Dorchester
Galmudug Inc.,02119,Roxbury
Sound Shapes,02109,North End
MP&Co Tax & Financial Services,02128,East Boston
Butterfly Falafel,02120,Roxbury
Cribs and cradles family child care,02124,Dorchester
The Centerpiece Flower Shop,02132,West Roxbury
Sportsmen's Tennis & Enrichment Center,02124,Dorchester
Delara Salon,02113,North End
"Artmorpheus, Inc. d/b/a Fairmount Innovation Lab",02125,Dorchester
DAOAO INC ,02131,Roslindale
Event Staffing by Josie,02126,Mattapan
centre tailor shop,02130,Jamaica Plain
Eco Ride LLC,02136,Hyde Park
Ride In Style Inc,02131,Roslindale
Ismail Transportation,02120,Roxbury
Gilboss Trans. and Various Services Inc.,02131,Roslindale
Bile limo Service,02120,Roxbury
Hurre Limo Services,02121,Dorchester
One stop shop auto repair,02131,Roslindale
Creative Mobile Technologies,02120,Roxbury
T.A.G Family Day Care Program,02121,Dorchester
HYDE PARK FISH MARKET,02136,Hyde Park
Burhan Limo Service,02119,Roxbury
Ali Abdulaahi Warsame,02118,Roxbury
Dabola Cab inc. ,02119,Roxbury
Richard’s barbershop ,02119,Roxbury
Pho 2000,02122,Dorchester
Safiya Shop,02119,Roxbury
Maid in The Shade Cleaning,02115,Mission Hill
Cabdriver,02119,Roxbury
Allston Nails,02134,Allston
Ameen Fashion,02119,Roxbury
Harun Cafe,02119,Roxbury
Sidebar Food & Spirits,02108,Downtown / Financial District / Leather District
The Boston TeePee Party,02124,Dorchester
Kcee’s insulation ,02121,Dorchester
"Wicked Ice, LLC",02134,Allston
the sipping room by Breeze,02215,Fenway / Kenmore / LMA
Desire Safety Transportation,02026,Dorchester
The Boston Smoked Fish Company,02210,South Boston Waterfront
LaCRiss Family Childcare ,02122,Dorchester
Aluna Salon SPA LLC,02116,Back Bay
cura transportation corporation,02128,East Boston
Ruckus,02111,Chinatown
BLR by Shojo,02111,Chinatown
Optimum Vision Care,02135,Brighton
Ahrianahs Crystal Cleaning Services ,02126,Mattapan
"Hope Livery, Inc.",02136,Hyde Park
W. Jimenez-Gil,02131,Roslindale
Satlouj Inc.,02128,East Boston
Mount Everest Inc.,02128,East Boston
Godavari Inc.,02128,East Boston
Khalsa Inc.,02128,East Boston
Khaveeri Inc.,02128,East Boston
Raavi Trans.,02128,East Boston
Singh Cab Inc.,02128,East Boston
Grand Canyon Inc.,02128,East Boston
"Joy Skin Atelier, Inc.",02129,Charlestown
HNG Limo Service inc,02120,Roxbury
Darwish Limo Service,02125,Dorchester
Crispy Dough Pizzeria Inc,02120,Roxbury
Kids Club childcare and preschool center,02132,West Roxbury
Abadir Inc,02205,Downtown / Financial District / Leather District
swami ji inc,02134,Allston
Sharmarke  Ahmed,02118,South End
The Corner Tavern,02115,Back Bay
Bisharo Car Service,02120,Mission Hill
Fshire Cab Inc,02134,Allston
A Zamzam Inc.,02118,South End
Dudley Restaurant,02119,Roxbury
Mehrose INC,02121,Dorchester
NereidasFamilyDayCare,02125,Dorchester
White Horse Tavern,02134,Allston
Hopewell Bar & Kitchen,02134,Allston
The Kenmore,02215,Boston
Boston Aikikai,02136,Hyde Park
Live Longer Get Fit,02127,South Boston
American Family Child Care,02124,Dorchester
VIET CENTER ,02125,Dorchester
13 Photography,02122,Downtown / Financial District / Leather District
five spices house,02111,Chinatown
Little Brown Bear Academy,02119,Roxbury
Teja Trans Inc,02128,East Boston
Ash & Rose,02118,South End
PS Little Explorers Family Child Care,02122,Dorchester
south sudan corp,02118,South End
Surad M Inc.,02121,Dorchester
Fiin Transportation,02119,Roxbury
"Liges Taxi, Inc.",02132,West Roxbury
Elpoorag Inc,02136,Hyde Park
Tara Transportation,02118,South End
"M. Jama, Livery Driver",02120,Roxbury
"M. Aden, Cab Driver",02119,Roxbury
Prince limousine Service ,02119,Roxbury
Pee Day Care,02121,Dorchester
Livery driver,02120,Roxbury
Ibelisse's Daycare,02136,Hyde Park
"A. Adan, livery driver",02120,Roxbury
"Wendy R., Revive Hair Studio",02118,South End
Fins Sushi & Grill,02119,Roxbury
Rev'd Indoor Cycling LLC,02116,Back Bay
J.J.Family Day Care ,02125,Dorchester
Moahmed Ahmed,02120,Roxbury
Freedom Trail Foundation,02108,Downtown / Financial District / Leather District
"A. Yusuf, Transportation",02119,Roxbury
Blissful Monkey Yoga Studio,02130,Jamaica Plain
Boston Freedom Trail Tours,02113,North End
Boston Kung Fu Tai Chi Institute,02116,Back Bay
"Shueb A., Liverydriver",02129,Charlestown
Harry's bar & Grill,02135,Brighton
Avenue Bar & Grill,02134,Allston
The Westland,02115,Fenway / Kenmore / LMA
"Ibrahim, A.,Livery Driver",02120,Roxbury
"Adam, H., Livery Driver",02118,South Boston
Wally's Cafe Inc,02118,Roxbury
Farah Car Service ,02120,Mission Hill
My First Garden Family Day Care,02136,Hyde Park
"F.Ahmed, Livery Driver",02119,Roxbury
"F. Mohamed, Livery Driver",02118,South End
"J. Munye, Cab Driver",02127,South Boston
"I. Abdule, Cab Driver",02119,Roxbury
Precious Jewels Childcare,02136,Hyde Park
RADHA SOAMI INC,02134,Allston
Hassan Ahmed Roble,02120,Roxbury
"A.Mohamed, Uber Driver",02119,Roxbury
Porter Cafe,02132,West Roxbury
The Boston Sculptors Gallery,02118,South End
Damarys Family Day Care,02130,Jamaica Plain
The Switch Co-op,02136,Hyde Park
Achilitos taqueria,02130,Jamaica Plain
Himalya Inc,02128,East Boston
T&J Cab Inc,02128,East Boston
Punjab Trans Inc,02128,East Boston
Ganga Inc,02128,East Boston
"Lydia's Cab, Inc",02132,West Roxbury
"A. Husein, Driver",02121,Dorchester
First Class Beuty Salon,02128,East Boston
Royal African Caribbean Supermarket,02136,Hyde Park
Tititere fcc,02121,Dorchester
Cedar Grove Gardens,02124,Dorchester
Central Paint & True Value Hardware,02136,Hyde Park
Subway,02120,Roxbury
River Park Food Mart,02136,Hyde Park
Fairmont Food Mart,02136,Hyde Park
Kinda Touma Fashion LLC,02118,South End
Boston Barber Co.,02109,Beacon Hill
"DAC Enterprises, Inc.",02122,Dorchester
"K. Darman, Driver",02119,South End
The Record Co.,02118,Dorchester
"M. Haji, Driver",02122,Dorchester
Warehouse Bar & Grille,02109,Downtown / Financial District / Leather District
"Bashir, E. Uber Driver",02119,Roxbury
Estragon Tapas Bar,02118,South End
Abdi Nur Hassan Livery Driver,02124,Dorchester
"Idris S.N.,Livery Driver",02120,Roxbury
"Abdi, J.,Livery Driver",02119,Roxbury
KOY,02109,North End
Boston Koshin Express LLC,02119,Roxbury
Secure Transportation Inc,02119,Roxbury
"Abdullahi M.A., Livery Driver",02125,Dorchester
"Abdullahi H.,Livery Driver",02119,Roxbury
Herze Express,02131,Roslindale
"Farah,A., Livery Driver",02120,Roxbury
"Ahmed, A.,Livery driver",02129,Charlestown
"Abdul B.H., Livery Driver",02119,Roxbury
"Charlestown Cooperative Nursery School, Inc.",02129,Charlestown
"Mohamed A., Livery Driver",02119,Roxbury
"Abdulkadir A.H.,Livery Driver",02119,Roxbury
Brenda's Daycare,02125,Dorchester
Link Limo Service,02122,Dorchester
"Ubdah A.,Livery Driver",02119,Roxbury
"Nur I., Livery Driver",02119,Roxbury
"Liban A.A., Livery Driver",02119,Roxbury
"Osman A. I.,Livery Driver",02125,Dorchester
"Gurhan M.,Uber Driver",02124,Dorchester
"Abdirisak M., Livery Driver",02119,Roxbury
"Abukar S. O., Livery Driver",02119,Roxbury
"Abdullahi. O.,Livery Driver",02121,Dorchester
"Yakub H.M., Livery Driver",02119,Roxbury
BabyAnne's Early Childhood Extended Day,02121,Dorchester